"","value"
"1","□ 오드리 아줄레(Audrey Azoulay) 유네스코(UNESCO) 사무총장이 제13회 평화와 번영을 위한 제주포럼에 참석차 제주를 방문한다."
"2","<U+00A0><U+00A0><U+00A0> 현직 유네스코 사무총장이 제주를 방문하는 것은 이번이 처음이다."
"3","<U+00A0> ㅇ제주는 2002년 생물권보전지역, 2007년 세계자연유산, 2010년 세계지질공원 인증으로 유네스코 자연과학 분야 3관왕을 달성"
"4","<U+00A0><U+00A0><U+00A0><U+00A0> 하고 유네스코 인류무형문화유산인 칠머리당영등굿과 제주해녀문화를 지닌 만큼 유네스코 사무총장의 이번 방문은 제주와"
"5","<U+00A0><U+00A0><U+00A0><U+00A0> 유네스코 간 우호 협력관계에 중요한 계기가 될 것으로 보인다."
"6","□ 아줄레 사무총장은 포럼 마지막 날인 6월28일 오전 10시50분 ~ 11시40분 제주포럼 조직위원장인 원희룡 제주특별자치도지사와"
"7","<U+00A0><U+00A0><U+00A0> 한반도 평화와 제주의 미래가치, 유네스코의 역할을 주제로 특별대담을 나눈다. 대담에 앞서 아줄레 사무총장은 오전 10시 내외신"
"8","<U+00A0><U+00A0> <U+00A0>기자를 대상으로 기자회견을 갖는다."
"9","<U+00A0><U+00A0>ㅇ 프랑스 문화부 장관 출신인 아줄레 사무총장은 4월27일 남북정상회담 선언과 관련 자신의 트위터 글에서 ""한국 정상들의 역사적"
"10","<U+00A0><U+00A0><U+00A0><U+00A0><U+00A0> 선언을 환영한다.”며, ""이번 선언이 한반도의 지속적 평화 구축을 위한 초석이 되길 바라며, 유네스코도 관련 분야에서 적극 협력"
"11","<U+00A0><U+00A0><U+00A0><U+00A0><U+00A0><U+00A0>하여 한반도의 평화에 이바지 하겠다.""고 밝힌 바 있다."
"12","<U+00A0> ㅇ 올해 제주포럼은 아시아의 평화 재정립과 정상회담 이후 한반도 평화정착에 대한 주제로 열리는 만큼 아줄레 사무총장이 제주와"
"13","<U+00A0><U+00A0><U+00A0><U+00A0> <U+00A0>유네스코 그리고 평화에 대해 어떤 메시지를 던질지 주목된다."
"14","※<U+00A0> 유네스코는 유엔의 전문기구로 1945년 세계평화와 인류 발전에 기여하기 위해 출범했다. 제2차 세계대전 중인 1942년~1944년 연합국 교육 장관들이 영국 런던에 모여 교육 재건과 세계평화를 위한 국제기구를 창설하기로 뜻을 모았고, 1945년 11월 16일 영국 런던에 모인 37개국 대표가 ‘유네스코 헌장’을 채택했다. 2017년 12월 기준 195개 정회원국과 11개 준회원국을 두고 있으며, 국제협력을 촉진하여 세계 평화와 지속가능한 발전에 기여하는 것을 사명으로 한다"
"15","□ 이번 제13회 제주포럼에는 이외에도 세계적인 전현직 인사들이 참여하며, 특히 강경화 외교부장관 및 다수의 현직 국회의원들이"
"16","<U+00A0><U+00A0> <U+00A0>참석하여 남북정상회담과 북미정상회담의 성과정리 및 토론의 장이 될 예정이다."
"17","□ 제주도가 주관하는 세션은 총 12개(별첨)로 평화관련, 예술분야, 4.3관련, 관광·투자유치, 지방분권 등의 주제로 운영되며, 마지막"
"18","<U+00A0><U+00A0><U+00A0> 열리는 평화 콘서트에는 강산에(남북평화협력 기념 평화공연), 오연준(남북정상회담 만찬 공연), 제라진어린이합창단, 제주도립"
"19","<U+00A0><U+00A0><U+00A0> 서귀포관악단 공연도 펼칠 예정이다."
"20","<U+00A0> ㅇ 27일 개회식과 세계지도자세션에는 브라이언 멀로니 전 캐나다 총리, 후쿠다 야스오 전 일본총리, 반기문 전 유엔사무총장"
"21","<U+00A0><U+00A0><U+00A0><U+00A0> 등이 기조연설과 토론을 벌인다."
"22","<U+00A0> ㅇ 노벨상 수상자 2명도 참석하여, 27일 오전 9시 노벨경제학상 수상자 폴 크루그먼 뉴욕시립대 교수가‘글로벌 무역전쟁과"
"23","<U+00A0><U+00A0><U+00A0><U+00A0> 동북아 안보환경’에 대하여 강연하고,"
"24","<U+00A0> ㅇ 노벨평화상 수상자 호세 라모스 오르타 전 동티모르 대통령은 28일 오전 11시50분부터‘한반도 동북아 화해와 평화 증진’에 대해"
"25","<U+00A0><U+00A0><U+00A0><U+00A0><U+00A0> 대담을 갖는다."
"26","<U+00A0> ㅇ 한반도 평화 관련하여 남북/북미 정상회담 이후 국제정세 현안 논의(조셉 윤 미국6자회담 대표, 문정인 외교안보 특보 등)가"
"27","<U+00A0><U+00A0><U+00A0><U+00A0><U+00A0> 이루어지며, 국제자문위원회 세션에서도 북중·남북·북미 정상회담 이후 전망을 다룰 예정이다."
"28","□ 김홍두 문화체육대외협력국장은 올해 제주포럼은 제주가 유네스코 3관왕 인증, 지난해 해녀문화 유네스코 등재와 관련된 현직"
"29","<U+00A0><U+00A0><U+00A0> 아줄레 유네스코 사무총장 방문으로 네트워크 구축에 중요한 계기가 될 것이며 특히, 남북정상회담, 북미정상회담 이후 한반도"
"30","<U+00A0><U+00A0><U+00A0> 평화에 대해 논의하는데 큰 의미가 있다고 밝혔다."
"31","붙임: 제주포럼(개요), 아줄레 유네스코 사무총장 프로필, 제주도세션 현황 각 1부."
"32","ㅁ 오는 6월 26일 열리는 제13회 평화와 번영을 위한 제주포럼에서는 평화 확산을 위한 도시들 간의 구체적 협력 방안이 논의된다."
"33","ㅁ 제주특별자치도는 올해 제주포럼에서 「세계 평화 확산을 위한 평화도시* 간 협력체계 구축」이라는 주제로 평화도시 세션을"
"34","<U+00A0><U+00A0><U+00A0> 운영한다고 밝혔다."
"35","<U+00A0><U+00A0> ※ 평화도시: 중앙정부나 시의회에서 평화도시로 지정한 도시를 말함"
"36","<U+F06D>ㅇ 이번 평화도시 세션은 지난해에 이어 두 번째 개최이다. 제주특별자치도가 지난해 처음으로 진행된 세계 평화도시 세션에서"
"37","<U+00A0><U+00A0><U+00A0><U+00A0><U+00A0><U+00A0> 제주포럼과 연계해 평화도시 포럼 정례화를 제안한 것을 계기로 마련됐다."
"38","ㅁ 세션에서는 전 세계적으로 국가 간 정치적·경제적 지역별 갈등이 고조되고 있는 가운데 평화도시 간의 교류 협력을 통해 국가"
"39","<U+00A0><U+00A0> 갈등을 치유한 사례를 공유하며 평화 확산 분위기를 조성할 것으로 전망하고 있다."
"40","<U+F06D>ㅇ 세션은 강근형 제주대 교수의 사회로 진행되며 원희룡 제주포럼 조직위원장의 발표를 시작으로 토마스 슈나이더(Thomas"
"41","<U+00A0><U+00A0><U+00A0><U+00A0><U+00A0><U+00A0> SCHNEIDER) 독일 오스나브뤼크시 엔리크 마리아 레마르크 평화센터장, 아키토시 나카무라(Akitoshi NAKAMURA) 일본"
"42","<U+00A0><U+00A0><U+00A0><U+00A0><U+00A0><U+00A0> 나가사키 원폭박물관장, 엔리께 라만(Enrique LAHMANN) 세계자연보전연맹 연합개발부 글로벌 국장이 연사로 나서 평화"
"43","<U+00A0><U+00A0><U+00A0><U+00A0><U+00A0><U+00A0> 도시의 구체적 역할에 대한 발표를 이어갈 예정이다."
"44","<U+F06D>ㅇ 특히, 토마스 슈나이더 평화센터장의 발표를 통해 지난 2005년 제주 평화의 섬 지정계획 수립 당시 ‘평화의 섬’ 모델로"
"45","<U+00A0><U+00A0><U+00A0><U+00A0><U+00A0> <U+00A0>벤치마킹했던 독일 오스나브뤼크시의 사례를 엿볼 수 있는 기회가 마련될 것으로 기대를 모으고 있다."
"46","<U+00A0><U+00A0><U+00A0><U+00A0> - 이 곳은 지난 2004년 제주평화의섬 추진위원회 위원들과 공무원이 독일 방문 시 해당 지역 일간지에서 제주의 4.3 사건과"
"47","<U+00A0><U+00A0><U+00A0><U+00A0><U+00A0><U+00A0> 관련한 평화사업 추진 내용과 남북교류 및 평화포럼 개최 등의 내용이 보도된 바도 있다."
"48","<U+F06D>ㅇ 김홍두 문화체육대외협력국장은 “이번 세계 평화 도시세션은 평화교류 협력을 통한 제주가 모범적인 평화의 섬으로 각인될"
"49","<U+00A0><U+00A0><U+00A0><U+00A0><U+00A0><U+00A0> 수 있는 좋은 계기가 될 것”이라며 “국제평화 도시 외교를 통해 앞으로도 세계평화의 섬 제주의 역할을 꾸준히 확대해 나가"
"50","<U+00A0><U+00A0><U+00A0><U+00A0><U+00A0><U+00A0> 겠다”고 말했다."
"51","ㅁ 한편, 제주특별자치도는 지난해 평화시장 회의에 공식 가입한 후 7월 일본 나가사키에서 개최된 평화시장 회의에 참석하며"
"52","<U+00A0><U+00A0><U+00A0> ‘평화의 섬 제주’를 국제 사회에 알려나가는 계기를 마련키도 했다."
"53","□ 제주와 일본의 든든한 가교 역할을 해온 테라사와 겡이치 주제주일본국총영사관 총영사의 이임 리셉션이 18일 오후 6시 30분"
"54","<U+00A0><U+00A0><U+00A0><U+00A0>제주 KAL호텔 2층 그랜드볼룸에서 진행된다."
"55","<U+00A0> ㅇ 2015년 4월 제주에 부임한 후 지난 3년간 제주와 일본 간 교류 활성화를 위해 적극적으로 협력해온 테라사와 겡이치 총영사는"
"56","<U+00A0><U+00A0><U+00A0><U+00A0><U+00A0> 일본 외무성 인사로 다시 본국으로 복귀한다."
"57","<U+00A0> ㅇ 이에 원희룡 도지사, 고충홍 도의회 의장, 이석문 도교육감를 비롯한 도내 주요 인사들은 이임식에 함께 참석해 한일 우호"
"58","<U+00A0><U+00A0><U+00A0><U+00A0><U+00A0> 증진에 중요한 역할을 해온 데에 감사를 전할 계획이다."
"59","□ 이임식에서 원희룡 도지사는 명예도민증을 전달하고 제주-일본 간 상호 이해와 교류협력 증진을 위한 테라사와 총영사의 행보에"
"60","<U+00A0><U+00A0> 고마움을 전한다."
"61","<U+00A0>ㅇ 원 지사는 이임식 인사말을 통해 “아오모리, 훗카이도, 큐슈 등 일본 지자체와의 교류 협력도 활발하게 이뤄지고, 최근에는"
"62","<U+00A0><U+00A0><U+00A0><U+00A0> 제주를 찾는 일본 관광객이 5년 만에 증가세로 돌아서면서 지역 경제에 소중한 도움이 되고 있다”면서 “제주와 일본은 매우"
"63","<U+00A0><U+00A0><U+00A0><U+00A0> 가까워지고 있다”고 말할 계획이다."
"64","<U+00A0>ㅇ<U+00A0>이어 제주관광 활성화 토론회, 일본 유학·취업 설명회, 태풍 피해 복구, 제주올레 환경 정화 등 테라사와 총영사의 인연을 회고"
"65","<U+00A0><U+00A0><U+00A0><U+00A0> 하며 앞으로의 변함없는 우호와 교류협력을 당부한다."
"66","□ 한편, 테라사와 총영사는 부임기간 동안 매년 제주관광 활성화 토론회를 통해 제주 관광에 대한 미래지향적인 해결책을 제시"
"67","<U+00A0><U+00A0><U+00A0><U+00A0> 하고 제주가 직면하고 있는 환경과 쓰레기 문제에 대해서도 다양한 조언과 아이디어를 제안했다."
"68","<U+00A0>ㅇ 지난해에는 일본 유학취업 설명회를 개최해 제주 청년들이 일본을 무대로 활동할 수 있는 계기를 마련했으며,"
"69","<U+00A0>ㅇ 다양한 일본의 문화를 소개하는 음악회 및 전시회를 도내에서 개최하며 제주도민들이 일본의 전통과 현대의 문화를 접하고"
"70","<U+00A0><U+00A0><U+00A0> <U+00A0>이해하는 기회를 제공한바 있다."
"71","<U+00A0>ㅇ 또한 태풍 피해 복구, 제주올레 환경 정화의 현장에서는 도민의 한사람으로서 봉사 활동을 계속해왔다."
"72","※ 붙임 : 행사개요 및 총영사 프로필 1부"
"73","<U+00A0><U+00A0><U+00A0>ㅁ<U+00A0>제50주년 예비군의 날 기념식이 6일 오전 10시 30분 제주도청 본관 4층 회의실에서 개최됐다."
"74","<U+00A0><U+00A0><U+00A0> <U+274D> 행사는 지역방위 유공자 표창, 대통령 축하 메시지 낭독, 국방부장관 축하 메시지 낭독, 고충홍 도의회 의장 축사,"
"75","<U+00A0><U+00A0><U+00A0><U+00A0><U+00A0><U+00A0><U+00A0><U+00A0> 지역방위태세 확립 결의문 채택, 예비군가 제창 순으로 진행됐다."
"76","<U+00A0><U+00A0> <U+274D> 원희룡 제주자치도지사, 고충홍 도의회의장, 윤웅걸 제주지검장, 김계환 해병대 제9여단장, 이상정 제주지방경찰청장 등"
"77","<U+00A0><U+00A0><U+00A0><U+00A0><U+00A0><U+00A0><U+00A0> 통합방위위원과 도내 주요 기관ㆍ단체장과 예비군, 군부대, 경찰 등 240여명이 참석했다."
"78","<U+F072> 문재인 대통령은 기념식 축하 메시지를 통해"
"79","<U+00A0><U+00A0><U+00A0><U+00A0> <U+00A0>“지난 50년 동안 예비군은 국가가 필요로 할 때마다 생업을 뒤로하고 국민을 위해 헌신해 왔다”면서"
"80","<U+00A0><U+00A0><U+00A0><U+00A0> <U+00A0>“오늘의 안보 위기를 극복하고 평화통일시대를 여는 일에도 힘을 모아 줄 것”을 당부했다."
"81","<U+F072> 원희룡 제주특별자치도지사도 기념사를 통해"
"82","<U+00A0><U+00A0><U+00A0><U+00A0> “그 동안 지역 안보와 발전을 위해 수고해 준 예비군들에게 감사를 전한다”면서"
"83","<U+00A0><U+00A0><U+00A0> <U+00A0>“예비군이 지역방위의 상징이자 튼튼한 지역안보의 초석이 될 수 있도록 지원을 아끼지 않겠다”고 말했다."
"84","<U+00A0><U+00A0> <U+274D> 또 이날 참석한 예비군들은 외부 위협에 능동적으로 대처하는 통합방위태세를 구축해"
"85","<U+00A0><U+00A0><U+00A0><U+00A0><U+00A0><U+00A0><U+00A0> 제주 지역의 가치를 높이는데 기여하겠다는 내용의 지역방위태세 확립 결의문을 발표하기도 했다."
"86","<U+F072> 한편 이날 기념식에 앞서, 오전 10시부터 도청 4층 소회의실에서는 2018년도 2분기 통합방위회의가 열렸다."
"87","<U+00A0><U+00A0> <U+274D> 이 자리에서는 오는 10일부터 12일까지 진행되는 2018년도 해안침투 대비 합동훈련, 2018 통합방위작전 개정 계획,"
"88","<U+00A0><U+00A0><U+00A0><U+00A0><U+00A0><U+00A0> 제주지역 무사증 입국장 관리대책 등이 논의됐다."
"89","<U+00A0><U+00A0> <U+274D> 통합방위협의회 의장인 원희룡 지사는"
"90","<U+00A0><U+00A0><U+00A0><U+00A0><U+00A0><U+00A0> <U+00A0>“제주는 대한민국 안보의 최전선이다. 안전한 제주, 안전한 대한민국을 위해 맡은 역할을 다해줄 것”을 당부하고"
"91","<U+00A0><U+00A0><U+00A0><U+00A0><U+00A0><U+00A0><U+00A0> “무사증 입국을 악용한 외국인 범죄, 테러리스틀 위장침투 가능성에 대비한 대책 마련에도 최선을 다해달라”고 덧붙였다."
"92","<U+00A0><U+F071>○ 제주특별자치도(도지사 원희룡)와 (주)네오플(대표이사 노정환), 제주사회복지공동모금회(회장 고승화)는"
"93","<U+00A0><U+00A0><U+00A0><U+00A0><U+00A0><U+00A0><U+00A0> 3월 30일 제주특별자치도청 삼다홀에서 보호대상아동 디딤씨앗통장 적립금 지원을 위한 업무협약을 체결한다."
"94","제주특별자치도는 30일 제주국제컨벤션센터에서 ‘깨끗한 바다, 풍요로운 어장, 신바람 나는 수산인’을 주제로‘제7회 전국 수산인의 날 기념식’을 개최한다."
"95","<U+00A0>‘수산인의 날’(매년 4월 1일)은 1969년 어민의 날로 시작, 1973년 권농의 날로 통합된 후 2011년 어업인의 날로 부활했다."
"96","<U+00A0>이후 2015년 6월 제정된 ‘수산업ㆍ어촌 발전 기본법’에 따라 ‘수산인의 날’로 명칭을 변경, 매년 정부차원의 기념식을 개최하고 있다."
"97","올해<U+00A0> 7회 째를 맞은 이날 기념식에는 원희룡 제주특별자치도지사, 김영춘 해양수산부장관, 설훈 국회농림축산식품해양수산위원장, 김임권 한국수산산업총연합회장을 비롯 수산업 관계자와 도민 등 1500여 명이 참석한다."
"98","도는 제주수산물의 전국적 유통기반 마련 및 500만달러 수출탑을 달성하는데 기여한 공을 인정받아 (영)승혜수산 고정신 대표에게 동탑산업훈장과 제주해녀문화 유네스코 등재활동 및 해녀안전사고 예방 등 권익증진을 통한 수산업어촌 발전에 기여한 공을 인정받아 제주도 해녀협회 고송자씨가 국무총리 표창을 받는다.<U+00A0>"
"99","또한 제주수산발전에 공헌한 자를 발굴 어업인의 긍지와 자부심을 높이기 위해 제주특별자치도 어업인 최고의 상인 ‘어업인상’ 4명(어선어업부문 최길순, 마을어업부문 김복선, 양식어업부문 이창홍, 유통가공부문 박정희)’에게 수여했다."
"100","도 관계자는 “2018년 ‘전국 수산인의 날’ 행사를 통해 도내 2만 여 수산인의 위상과 자긍심을 한충 높이는 계기가 될 것”으로 기대했다."
"101","□ 제주특별자치도(도지사 원희룡)에서는 추자도 정주여건 개선 및 대형여객선 안전 접안을 위하여 추자도 신양항내 부두시설 등을 확충한다고 밝혔다."
"102","□ 추자도 신양항에는 2015년 6월 한일레드펄호(2,862톤)가 취항하였으나, ‘선박통항로 안전성 평가(2015. 12, 해양수산부)’ 결과 부두시설 확충 등 개선이 필요함에 따라 ‘해상교통 안전진단’ 등을 포함하여 2017년 12월 설계용역을 완료하였다."
"103","□ 동 사업은 사업비 87억2천2백만원을 투입하여 금년 4월 중 착공하고 ‘19년 9월 준공(18개월)할 예정으로, 여객부두를 110m에서 160m 연장하고 선회장을 직경 180m에서 230m로 확장하기 위한 준설 등 여객선 안전 접안을 위한 공사를 시행하게 된다."
"104","□ 도에서는 이번 추자도 신양항 접안시설 확충이 완료되면 여객선이 보다 안전하게 접안 가능함에 따라, 여객선 결항률*이 감소되어 추자도 정주여건이 개선될 뿐 아니라 사회·경제적 손실비용**이 감소되어 지역경제 활성화에도 기여할 것으로 기대된다고 밝혔다."
"105","<U+00A0><U+00A0><U+00A0> * 결항률 개선 : 6.10일/월 → 4.82일/월(감 1.28일/월)"
"106","<U+00A0><U+00A0><U+00A0> ** 사회·경제적 손실비용 감소 : 2,360백만원/년 → 1,865백만원/년(감 495백만원/년)"
"107","□ 제주특별자치도가 성폭력 예방 및 양성평등 문화조성을 위해 두 팔을 걷어붙였다."
"108","□ 제주도는 23일 오후 3시 여성가족연구원, 양성평등위원회, 아동·여성안전 지역연대, 여성인권단체, 여성단체협의회 등 도내 유관기관 및 단체들과 연석회의를 개최하고 여성폭력 피해 예방을 위한 협업 방안을 모색한다고 밝혔다."
"109","<U+00A0><U+274D> 이는 미투(Me, too) 운동의 확산으로 다양한 분야의 성폭력 사건들이 드러나면서 범정부적 폭력 예방 중요성이 대두됨에 따라 도 단위의 성희룡·성폭력 예방대책을 논의하기 위해 마련됐다."
"110","<U+00A0><U+274D> 원희룡 도지사 주재로 열리는 이번 회의는 도 오무순 보건복지여성국장의 여성폭력 예방에 관련한 추진 사항에 대한 설명을 시작으로 미투 운동과 관련 각 기관·단체의 역할에 대한 논의 순으로 진행된다."
"111","<U+00A0><U+274D> 회의에는 양성평등위원회 및 아동·여성안전 지역연대 위원, 경찰, 여성단체장, 여성복지시설장, 관계 공무원 등 40여명이 참석할 예정이다."
"112","□ 이 자리에서는 ▲양성평등정책 추진강화를 위한 양성평등 추진체계 개편 ▲양성평등 인식 확산 및 도민대상 성인지 교육 내실화를 위한 제주 성평등 교육기관 설치 ▲미투 피해자 보호 및 지원방안 확대 ▲신고절차 집중 홍보 등의 대안들이 제시될 것으로 알려졌다."
"113","□ 원희룡 지사는 “미투는 일시적인 현상이 아니라 성차별적인 사회를 바꾸려는 거대한 흐름으로 앞으로 차별과 폭력, 권위주의에 대한 각성과 거부가 이어질 것”이라고 전망했다."
"114","<U+00A0><U+274D> 이어 “제주도정에서는 2차 피해와 불이익, 보복이 두려워 오랜 시간동안 혼자 고통 받던 피해자들의 용기 있는 행동을 적극 지지한다”고 밝히고 미투 관련 행정의 적극적 역할과 유관기관의 협업 강화를 주문할 계획이다."
"115","<U+00A0><U+274D> 또 원 지사는 실질적인 성평등 실현과 성차별적 사회구조 개선을 위해 행정부지사 직속의 ‘양성평등정책관’ 조직 신설을 추진할 계획도 밝힐 예정이다."
"116","□ 한편 제주특별자치도는 지난 20일 5급 이상 간부공무원을 대상으로 성희롱·성폭력 예방을 위한 관리자 교육을 진행한데 이어 23일부터 사이버 신고센터를 설치하고 미투 등 여성폭력 피해자 상담 및 보호 체계를 마련한다."
"117","<U+00A0><U+274D> 이와 함께 여성단체와 지역연대, 제주여성상담소시설협의회 등이 함께 참여하는 범도민 양성평등 문화 조성 캠페인을 대대적으로 펼칠 계획이다."
"118","<U+25BA><U+00A0>제주특별자치도 21일 오전 전성태 행정부지사 주재로"
"119","<U+00A0><U+00A0><U+00A0><U+00A0><U+00A0> ‘2018년 국가안전대진단 중간보고회’를 개최하고, 각 실·국, 본부 및 행정시의 국가안전대진단 추진상황을"
"120","<U+00A0><U+00A0><U+00A0><U+00A0><U+00A0> <U+00A0>점검하였다."
"121","<U+00A0><U+00A0> <U+274D> 이번 중간점검은"
"122","<U+00A0><U+00A0><U+00A0><U+00A0><U+00A0> 지난 달 5일부터 시작되어 오는 4월 13일까지 전체 3,873개소에 대한"
"123","<U+00A0><U+00A0><U+00A0><U+00A0><U+00A0> 시설물을 대상으로 점검을 하고 있으며, 특히 이번 점검은 중소형 병원, 요양시설, 전통시장,"
"124","<U+00A0><U+00A0><U+00A0><U+00A0><U+00A0> 화재취약시설 등 위험시설에 대한 점검이 집중적으로 이루어지고 있다."
"125","<U+00A0><U+00A0> <U+274D> 지금까지의 추진상황을 보면 국가안전대진단이 시작하는 지난 2월 5일"
"126","<U+00A0><U+00A0><U+00A0><U+00A0><U+00A0><U+00A0> 원희룡 지사가 요양병원 및 건설현장에 대하여 직접 점검에 나선 것을 비롯하여,"
"127","<U+00A0> <U+274D> 21일 기준 민간전문가, 공무원, 민간시설 관리자 등 연인원 3,083명이 점검에 참여하였으며,"
"128","<U+00A0><U+00A0><U+00A0><U+00A0><U+00A0> 2,687개소(69.4%)에 대한 점검을 완료하는 등 정상적으로 진행하고 있다."
"129","<U+25BA> 점검결과 일부 시설에서는 안전관리에 미흡함 사항이 지적되기도 하였다."
"130","<U+00A0><U+00A0> <U+274D> 조치사항별로 보면 경미한 사항에 대한 현장 시정조치는 96개소, 소방<U+2027>전기 등 관련법 위반사항에 대한"
"131","<U+00A0><U+00A0><U+00A0><U+00A0><U+00A0><U+00A0> 시정 명령<U+2027>과태료 부과 등 행정조치는 10개소, 보수<U+2027>보강이 필요한 시설은 168개소로 나타났다."
"132","<U+00A0> <U+274D> 지적사항으로는 소방·전기·가스시설 관리 부실, 비상구 물건적치, 어린이 보호구역 차선퇴색,"
"133","<U+00A0><U+00A0><U+00A0><U+00A0><U+00A0> 교량 신축이음부 파손 등이 이루어져 신속히 보수·보강이 필요한 것으로 나타났다."
"134","<U+25BA> 전성태 행정부지사는 이날 회의에서"
"135","<U+00A0><U+00A0> <U+274D> “올해부터 도입되어 시행하고 있는 안전점검 실명제는 도입 취지에 맞게"
"136","<U+00A0><U+00A0><U+00A0><U+00A0><U+00A0><U+00A0> 지속적인 설명과 홍보 등으로 현장에서 잘 이행되도록 조치할 것”을 당부하는 한편,"
"137","<U+00A0><U+00A0><U+00A0><U+00A0> <U+00A0>“점검결과 안전관리에 미흡한 사항에 대하여는 앞으로 예산을 확보하여 시정·보완이 될 수 있도록"
"138","<U+00A0><U+00A0><U+00A0><U+00A0><U+00A0><U+00A0> 대책을 마련할 것” 강조하였다."
"139","□ 공직자 폭력예방을 위한 특별교육이 20일 오후 4시 도청 본관 4층 탐라홀에서 진행된다."
"140","<U+00A0><U+274D> 이는 최근 미투(#Me Too, 나도 당했다) 운동이 사회적 쟁점으로 떠오르는 가운데 조직 내 폭력예방 중요성이 더욱 확산됨에 따라 도 소속·산하기관 5급 이상 공직자들을 대상으로 진행되는 특별교육이다."
"141","<U+00A0><U+274D> 교육은‘직장 내 성평등한 조직문화와 성희롱·성폭력예방’이라는 주제로 진행된다."
"142","<U+00A0><U+274D> 유정흔 한국양성평등교육진흥원 폭력예방교육 전문 강사는 미투 운동이 확산되면서 일부 남성들 사이에서는 여성 자체를 기피하는 ‘펜스룰(Pense Rule)*’현상이 나타나고 있음을 설명하고, 직장 내 성희롱·성폭력의 사례를 다양하게 공유할 예정이다."
"143","※ 펜스룰은 마이크 펜스 미국 부통령의 이름을 딴 단어로, 2002년 당시 펜스 상원의원이 의회 저널과 인터뷰에서 ""아내 외에는 여성과 단둘이 식사하지 않는다""고 한 발언에서 유래됐다. 이후 펜스룰은 불필요한 스캔들과 오해를 빚지 않기 위해 '여성과 식사나 사적인 접촉을 일체 삼간다'는 의미로 정착됐다."
"144","<U+00A0><U+274D> 특히 이날 교육에서는 성희롱·성폭력 발생 시 관리자의 역할 및 사건 처리 원칙과 예방을 위한 적극적인 대처방안과 직장 내에서의 간부공무원들의 역할에 대해 심도 있는 교육이 이뤄질 계획이다."
"145","□ 이 자리에 함께한 원희룡 도지사는 “대한민국에서 미투 운동의 확산이 가리키는 방향은 명확하다. 우리 사회를 성평등과 여성인권이 실현되는 사회, 나아가 모두가 존엄한 사회로 나가자고 이끌면서 아픈 현실을 드러내고, 공감하고, 함께 변화를 만들어가자는 목소리가 터져 나오는 것”이라며 “제주도정은 성차별적인 사회구조를 개선하고, 사회 곳곳에서 실질적인 성평등이 이뤄지도록 더욱 노력 하겠다”는 메시지를 전한다."
"146","오늘 국회 찾아 여ㆍ야 원내표 및 정책위의장, 행안위 의원 면담"
"147","원 지사, “시대의 아픔 넘어 미래로 가는 제주 위해 국회가 함께 노력해달라”개정 촉구"
"148","<U+25A2> 원희룡 제주도지사가 12일(월) 국회를 방문, 각 당 원내대표와 국회 행정안전위원회 간사 등을 잇따라 만나 「제주4ㆍ3 특별법」 개정에 적극 협조해 줄 것을 요청할 예정이다."
"149","<U+25A2> 이날 국회에는 양윤경 4ㆍ3유족회장, 양조훈 4ㆍ3평화재단이사장, 홍성수 4ㆍ3실무위원회 부위원장, 김완근 4ㆍ3유족회 외무부회장, 양성주 4ㆍ3유족회 사무처장 등이 동행한다."
"150","<U+25A2> 원 지사는 이날 오전 함진규 자유한국당 정책위의장을 시작으로 김성태 자유한국당 원내대표·장병완 민주평화당 원내대표를 만나 「제주4ㆍ3 특별법」의 개정 필요성을 직접 설명하고, 법 개정에 적극 협조해 줄 것을 요청할 예정이다."
"151","<U+25A2> 이어서 오후에는 우원식 더불어민주당 원내대표를 비롯해 진선미 국회 행안위 더불어민주당 간사, 지상욱 바른미래당 정책위의장, 장제원 자유한국당 수석대변인, 소병훈ㆍ이명수·박성중 등 국회 행안위 소속 위원들을 방문해서 각 당과 상임위 차원에서 특별법 개정에 대한 조속한 처리를 촉구할 계획이다."
"152","<U+25A2> 원 지사는 “제주4.3 70주년을 맞아 그동안 수차례 도민 토론회와 공청회를 거쳐 마련된 「제주4.3 특별법」 개정안이 지난해 12월 19일 국회에 제출됐지만, 지금까지 국회에서 진전을 보이고 있지 못하다”고 밝혔다. 이어 “70년에 걸친 유족과 제주도민의 깊은 슬픔과 아픔을 이제는 사랑으로 안아주고 치유해야 할 때”라며 “제주가 시대의 아픔을 넘어서 미래로 나아가기 위해 4ㆍ3특별법 개정이 반드시 필요하다”고 강조했다."
"153","<U+25A2> 한편 「제주4.3 특별법」은 오영훈 의원이 대표발의(’17.12.19.)한 법으로, 제주4ㆍ3 희생자 및 유족들의 의학적·심리적 치유를 위하여 제주4·3트라우마 치유센터를 설립하고 보상금 규정을 신설하는 등 다양한 지원방안을 마련하는 것을 골자로 하고 있다."
"154","원희룡, 지방자치단체 ‘최초’ 숙의민주주의형 공론조사 결정"
"155","- 녹지국제병원 허가여부, 도민공론형성 후 결정키로 -"
"156","<U+25A2> 원희룡 제주특별자치도지사는 국내 첫 영리병원인 제주헬스케어타운 내 ‘녹지국제병원’ 개원허가를 도민 공론형성 후 최종 결정키로 했다."
"157","<U+25A2> 원희룡 지사는 8일(목) 제주도청에서 기자회견을 열어 “숙의형 정책개발 청구에 대해 공론화 절차를 밟아 의견을 내기로 한 ‘제주도 숙의형 정책개발청구심의회’(이하 심의회)의 결정을 존중한다”고 밝혔다."
"158","<U+25A2> 정부 차원의 신고리원전에 대한 공론조사는 있었지만, 지방자치단체 차원에서 중요 현안에 대한 공론조사는 첫 사례다. 원 지사의 심의회결정 수용은 공론화를 포함해 다양한 소통에 기반한 문제 해결의 단초를 마련했다는 점에 더 큰 의의를 둘 수 있다."
"159","<U+25A2> 원 지사는 “이번 결정을 계기로 도민사회의 건강한 공론 형성과 숙의를 통해 민주주의를 실현하는데 앞선 모범 사례를 만들어 갈 것으로 기대한다”며 “수년간 지속된 소모적 논란을 끝내고 제주공동체의 공익을 위한 전환점이 되길 희망한다”고 말했다."
"160","<U+25A2> 또한 원 지사는 향후 구성될 공론화위에 “도민사회의 숙의를 통해 제주가 민주주의와 협치의 선도도시로 나아갈 수 있도록 최선을 다해달라”고 부탁했다. 이는 제주도가 도민사회에 영향을 끼치는 주요 이슈에 대해서는 공론조사를 포함해 다양한 소통의 방법을 마련함은 물론, 서로 다른 의견이 충분히 존중받는 제주공동체가 되기 위한 디딤돌이 될 것을 강조한 것이다."
"161","<U+25A2> 한편, 녹지국제병원에 대한 청구 건은 ‘제주특별자치도 숙의민주주의 실현을 위한 주민참여 기본조례’에 따라 처음 적용된 것이다. 이에 따라 원탁회의, 공론조사, 시민배심원제 등을 활용한 공론화 방법으로 영리병원 정책을 추진해야 한다."
"162","<U+25A2> 다음은 발표문 전문."
"163","녹지국제병원, 도민 공론형성 후 최종 결정하겠습니다."
"164","오늘 오전 열린 ‘숙의형 정책개발청구심의회’에서"
"165","녹지국제병원 관련 숙의형 정책개발 청구에 대해"
"166","공론화 절차를 밟아 의견을 내기로 결정했습니다."
"167","저는 심의회의 심사숙고 끝에 내린 이같은 결정을 존중합니다."
"168","정부차원의 신고리원전에 대한 공론조사는 있었지만"
"169","지역 차원에서 중요 현안에 대한 공론조사는"
"170","첫 사례입니다."
"171","이번 결정을 계기로"
"172","도민사회의 건강한 공론 형성과 숙의를 통해"
"173","민주주의를 실현하는데"
"174","앞선 모범 사례를 만들어 갈 것으로 기대합니다."
"175","이보다 앞서 지난달 28일 열린 첫 회의에서"
"176","녹지국제병원에 대한 숙의형 정책개발 청구 건이 다뤄졌지만"
"177","중요 사안인 만큼 자료를 신중하게 검토한 후"
"178","청구 대상 여부를 추후 논의하기로 했었습니다."
"179","‘제주특별자치도 숙의 민주주의 실현을 위한 주민참여 기본조례’에 따라 처음 적용된 녹지국제병원에 대한 청구 건은"
"180","제주만이 아니라 국내1호 외국인 투자병원이라는 점에서"
"181","공공의료 약화-의료영리화 논란을 빚어온"
"182","사회적 갈등 대상이었습니다."
"183","보건복지부의 사전 사업계획 승인이 지난 2015년 이뤄졌지만, 시민사회는 공공의료 및 사회에 미치는 영향에 대해"
"184","공익적 관점에서"
"185","좀 더 세밀한 공론화 과정을 밟을 것을"
"186","요구해 왔습니다."
"187","또 다른 한편에서는"
"188","투자유치 정책의 일관성 유지와 제주도 및 국가의 대외 신인도를 훼손해서는 안 된다는 요구도"
"189","여전히 존재합니다."
"190","그동안 제주도는 의료분야 외국투자와 관련해 중앙정부의 의견이 매우 중요하다고 판단해 지속적으로 협의와 내부 검토를 해왔다는 점을 말씀드립니다."
"191","저는 녹지국제병원에 대한 공론화를 통해서"
"192","도민사회의 상반된 의견을 조정하고,"
"193","도민들이 공감할 수 있는 공론을 형성해"
"194","제주의 자치역량을 더욱 높이는 계기를 만들어가길 기대합니다."
"195","그리고 수년간 지속된 소모적 논란을 끝내고"
"196","제주공동체의 공익을 위한 전환점이 되길 희망합니다."
"197","심의회는 효과적인 공론 설계로"
"198","사업승인 기관인 보건복지부를 비롯해 JDC, 녹지그룹, 시민단체, 보건의료단체, 도민사회 전반의 의견을 수렴하고,"
"199","충분한 논의를 거쳐 제주도에서 허가여부를 결정하는데 있어"
"200","최적의 방안이 도출될 수 있도록 부탁드립니다."
"201","도민 여러분이 적극적인 참여로"
"202","올바른 공론을 만들어 주셔야 합니다."
"203","우리 지역현안을 해결하는 과정에서 지역사회의 화합과 통합이 한층 더 높은 수준에서 실현될 수 있기 때문입니다."
"204","제주도는 녹지국제병원 건립에 따른 갈등을 해소하고, 건강한 공론을 형성한 후 올바른 결정을 할 것입니다."
"205","제주도는 또 공론 형성에 필요한 행정적·재정적 지원과 충분한 정보를 제공하겠습니다."
"206","도민사회의 숙의를 통해 제주가 민주주의와 협치의 선도도시로 나아갈 수 있도록 최선을 다해주시길 부탁드립니다."
"207","감사합니다."
"208","2018년 3월8일"
"209","제주특별자치도지사 원희룡"
"210","<U+00A0><U+00A0><U+00A0> ㅁ도민과 관광객이 안전한 제주 실현을 위해서는 재난과 안전사고에 대한 행정에서의 예방과 대비, 신속한 대응노력도 중요하지만, 민간 봉사단체의 참여 중요성이 매우 중요하다고 전문가들은 입을 모았다."
"211","제주특별자치도 도민안전실(실장 유종성)은 이달 2일 도청 2층 백록홀에서 업무보고를 진행하며 이 같이 논의했다고 밝혔다."
"212","<U+00A0><U+00A0><U+00A0><U+00A0> <U+274D> 이날 업무보고는 원희룡 도지사, 도민안전실 소속 공무원과 이동욱 제주대학교 교수, 김명춘 제주도지역자율방재단장,"
"213","<U+00A0><U+00A0><U+00A0><U+00A0><U+00A0><U+00A0><U+00A0><U+00A0><U+00A0><U+00A0> 박창열 제주연구원 책임연구원이 참석한 가운데 심층토론 방식으로 진행됐다."
"214","<U+F071> 우선 안전정책과는 도민의 삶의 질 향상을 위한 “안전<U+2024>안심<U+2024>편안(3安)”한 사회 구현을 위한 현안들을 공유했다."
"215","<U+00A0><U+00A0> <U+274D> 안전불감증 해소를 위한 365일 안전점검 일상화, 도민 안전교육 등 안전문화운동, CCTV 안전지킴이 기능 향상,"
"216","<U+00A0><U+00A0><U+00A0><U+00A0><U+00A0><U+00A0><U+00A0> 작지만 강한 재난안전관리 조직과 기능 최적화 등을 통해 도민과 관광객이 안심한 생활을 통해 안전체감도 향상을 해"
"217","<U+00A0><U+00A0><U+00A0><U+00A0><U+00A0><U+00A0><U+00A0> 나갈 계획이라고 밝혔다."
"218","<U+00A0> <U+274D> 이에 이동욱 제주대 교수는 국민들이 삶의 질이 향상되어 생명과 복지를 생각하면서 안전을 가장 중요시하게 되었다며,"
"219","<U+00A0><U+00A0><U+00A0><U+00A0><U+00A0><U+00A0> 도내 전지역 CCTV 통합 플랫폼 구축 등 안전 인프라 구축이 중요하다”고 조언했다."
"220","<U+F071> 재난대응과에서는 자연재난 피해 예방사업, 재난대응 훈련, 재난에 대한 신속한 전파와 대응 계획 등이 논의됐다."
"221","<U+00A0><U+00A0> <U+274D> 재난대비 민관 합동 훈련 등을 통한 매뉴얼 개정, 동<U+2024>하절기 자연재난 관리, 지진<U+2024>해일 경보체계 확충 등"
"222","<U+00A0><U+00A0><U+00A0><U+00A0><U+00A0><U+00A0><U+00A0> 지진방재대책 추진과 더불어 민간 방재단체 사기진작 등 역량강화 방안이 논의됐다."
"223","<U+00A0><U+00A0> <U+274D> 이와 관련해 이동욱 제주대 교수는 요즘은 복합재난형태로 재난이 발생하기 때문에"
"224","<U+00A0><U+00A0><U+00A0><U+00A0><U+00A0><U+00A0><U+00A0> 자연재난과 사회재난에 대한 신속 정확한 전파와 대응이 필요하다며, 도민들이 체감하는 재난과 안전에 대처하는"
"225","<U+00A0><U+00A0><U+00A0><U+00A0><U+00A0><U+00A0> 역량을 길러야 한다고 제언했다."
"226","<U+00A0><U+00A0> <U+274D> 김명춘 제주도지역자율방재단장은 유치원생부터 지진 등에 대한 대피<U+2024>반복 훈련을 실시해야 한다며,"
"227","<U+00A0><U+00A0><U+00A0><U+00A0><U+00A0><U+00A0> 제설차량 등 방재 장비 등에 대한 교육 훈련도 필요하다고 지적했다."
"228","<U+F071> 이 자리에 함께한 원희룡 지사는"
"229","<U+00A0><U+00A0><U+00A0><U+00A0><U+00A0> <U+00A0>“도내 모든 CCTV에 대해서는 연차적으로 통합 관제하는 시스템을 모색하고,"
"230","<U+00A0><U+00A0><U+00A0><U+00A0><U+00A0><U+00A0><U+00A0> 재난 방재 민간자원봉사단체에 대한 보상과 지원 매뉴얼을 보완해 달라”며,"
"231","<U+00A0><U+00A0><U+00A0> <U+274D> 교육청 등과 협업하여 “학교주변 교통이나 위해업소 문제 개선을 위해 학교안전지킴이 활성화 방안이나"
"232","<U+00A0><U+00A0><U+00A0><U+00A0><U+00A0><U+00A0><U+00A0><U+00A0><U+00A0> 안전 전문성 강화 문제 등에 대해 학부모들이 체감할 수 있도록 만전을 기해 달라”고 당부했다."
"233","□ 제주특별자치도는 2월 27일(화) 14:00 제주도청 탐라홀에서 양성평등위원회를 개최하여, 2018년 제주특별자치도 양성평등정책 시행계획을 심의한다."
"234","<U+00A0><U+274D> 도 양성평등위원회는 원희룡 지사를 위원장으로 하여 실국장 13명과 다양한 분야에서 활동하고 있는 위촉직 전문가 20명 등 34명으로 구성되었으며,"
"235","<U+00A0><U+274D> 도정 전반에 성인지적 관점 양성평등 정책 실행 방안과 지역 수요자 중심의 제주 생활체감형 양성평등 정책 발굴을 지속적으로 도모해 나가고 있다."
"236","□ 이 날 심의할 양성평등정책 2018년 시행계획(안)은 여성가족부 2차 양성평등정책 기본계획(2018년~2022년)에 따른 18개분야 79개의 세부과제로 `18년 투입되는 예산은 581억9천7백만원이다."
"237","- 여성가족부 제2차 양성평등정책 기본계획에 따른 실행과제로는"
"238","<U+274D> 제2차 양성평등정책 시행계획 4대 목표<여성가족부>"
"239","- <U+24F5> 성숙한 남녀평등 의식함양, <U+24F6> 여성의 고용과 사회참여 평등,"
"240","<U+00A0> <U+24F7> 일과 생활의 균형, <U+24F8> 여성안전과 건강증진"
"241","▲ 생활 속 성평등 문화 확산(10건), ▲ 양성평등 시민교육의 실효성 제고(1건), ▲ 고용기회의 평등성 제고(4건), ▲ 노동시장 내 여성의 지위 개선(1건), ▲ 여성의 경력유지 개발·지원(5건), ▲공공분야 여성 대표성 제고(4건), ▲ 돌봄의 사회적 책임 강화(9건), ▲로자의 모·부성권 보장(1건), ▲ 기업의 가족친화경영 확산(6건), ▲ 여성폭력 근절 정책 추진기반 강화(2건), ▲ 다양한 여성폭력 대응력 제고(1건), ▲여성폭력 피해자 보호·지원 강화(7건), ▲ 성인지적 건강증진 기반 강화(5건), ▲성주류화 정책 추진기반 정비(5건), ▲성인지적 정책 역량 강화(4건), ▲시민사회와의 협력체계 구축 및 강화(1건), ▲지역성평등지수 개선(1건) 이며,"
"242","▲ 지역특화사업(12건)이 추가로 시행될 예정이다."
"243","□ 아울러 지난해 여성가족부에서 돌봄정책 전국 우수사례로 선정된 ‘수눌음육아나눔터 조성’ 운영사례 발표와 제주도 2018년 양성평등정책 실행계획 보고도 함께 진행되고,"
"244","<U+00A0><U+274D> 특히, 2019년 시행 예정인 제2단계 생활체감형 양성평등 정책 ‘제주처럼’ 추진 방안에 대한 논의와 다양한 정책들을 제언한다."
"245","□ 이날 회의에서 원희룡 지사는 그동안 생활체감형 양성평등정책을 통해 여러 사업들이 활발하게 추진되어 왔다며, 특히 제2차 양성평등정책 시행계획 4대 목표 중에는 ‘여성안전’이 포함된 만큼 여성 폭력 예방과 여성 안전사각지대 해소에도 각별히 신경 써 줄 것을 당부했다."
"246","□ 앞으로도 제주특별자치도는 양성평등위원회 기능과 역할을 강화하여 도민들이 생활 속에서 양성평등의 변화를 체감할 수 있도록 도정역량을 결집해 나아가기로 했다."
"247","<U+F071> 제주특별자치도와 대한민국시도지사협의회가 공동으로, 오는 23일 오후 도청 4층 탐라홀에서 「2018년도 제1차 권역별 지방분권 토론회」를 개최한다."
"248","<U+00A0> <U+274D> ‘대한민국의 새로운 미래, 지방분권 개헌으로 시작됩니다!’를 주제로 진행되는 이번 토론회는 원희룡 제주도지사, 권영수 대한민국시도지사협의회 사무총장, 고충홍 제주도의회 의장 등 지방분권 전문가 및 관련 분권 운동단체, 도민 등 150여 명이 참석할 것으로"
"249","전해졌다."
"250","토론회는 민기 제주대 행정학과 교수의 사회로 진행되며, 이기우 인하대 법학전문대학원 교수가 ‘지방분권 개헌의 과제와 전망’을 주제로 분권국가 실현을 위한 지방분권형 개헌의 중요성과 합리적인 개헌안을 제시하는 발제를 맡는다."
"251","<U+00A0> <U+274D> 또한 임승빈 명지대 교수, 권영호 제주대 법학전문대학원 교수, 김수연 대한민국시도지사협의회 선임 연구위원, 조성호 경기연구원 연구위원, 정흥남 제주일보 논설실장 등 지방분권·지방자치 전문가들이 함께 토론에 참여해 바람직한 지방분권 개헌안과 향후 추진 방안에 관한 심층 논의를 이어간다. <U+F071>"
"252","특히 문재인 정부에서도 국회의 지방분권형 개헌을 적극 지원할 예정인 가운데, 제주특별자치도는 이번 토론회의 주요 논의 사항이 중앙정부와 국회의 개헌안 마련 과정에 도움을 줄 수 있을 것으로 전망하고 있다. <U+F071>"
"253","이날 원희룡 도지사는 개회사를 통해 지방분권 개헌의 필요성을 강조하고 정치권과 언론, 지역주민 등의 관심과 참여를 적극 독려할 계획이다."
"254","<U+00A0> <U+274D> 원 지사는 “지방분권 개헌은 중앙정부 중심의 국가 운영시스템을 근본적으로 바꾸기 위한 담대한 도전”이라며, “지역의 다양성과 역동성을 지방정부가 주도하고 중앙정부는 지원하는 지방분권은 결국 지방 발전과 대한민국의 경쟁력을 견인하는 새로운 동력이자 성장 엔진이 될 것”이라 전한다."
"255","<U+00A0> <U+274D> 이어 “특별자치도 출범 후 제주가 걸어온 발자국 하나하나가 지방분권 국가로 가는 길잡이가 될 것”이라면서 “지방분권에 대한 헌법적 지위 확보를 바탕으로 ‘한국형’ 분권모델을 정립해 나갈 것”이라 메시지를 밝힌다. <U+F071>"
"256","한편 대한민국시도지사협의회에서는 지역 주민과 공무원, 언론 등의 지방분권에 대한 관심과 이해를 제고하고자 매년 권역별 지방분권 토론회를 개최하고 있으며, 올해 추가로 4~5차례 토론회를 개최할 예정이다."
"257","□ 제주특별자치도는 국민권익위원회가 실시한‘2017년 부패방지 시책 평가’에서 ’16년에 이어 2년 연속 1등급을 달성했다고 밝혔다."
"258","○ 이번 평가는 중앙부처·자치단체 등 258개 공공기관이 추진한 부패방지 시책을 대상으로 진행되었다."
"259","○ 세부 평가사항은"
"260","▲ 반부패 추진계획 수립 ▲ 청렴생태계 조성 ▲ 부패위험 제거 ▲ 청렴문화 정착 ▲ 청렴개선 효과 ▲ 반부패 수범사례 개발·확산 등 6개 분야 39개 지표이다."
"261","□ 평가결과에서 제주는"
"262","○ 종합 점수에서 전년 대비 1.98점 상승하여 높은 점수를 획득하였다."
"263","○ 12개 단위과제 중 청렴생태계 조성계획의 이행, 청렴거버넌스 운영, 공직자 행동강령 제도화 등 6개 과제에서 만점을 획득하고,"
"264","○ 청렴정책 참여 확대, 부패취약분야 개선, 부패행위 처벌강화, 청탁금지 제도 운영 등에서도 높은 점수를 받았다."
"265","○ 또한, 부패방지 수범사례 개발·확산에서도 제주도의 실정에 맞는 반부패 수범사례를 도입함으로써‘우수’한 것으로 평가받았다."
"266","□ 이렇게 좋은 평가를 받게 된‘17년 제주도의 주요시책으로는"
"267","○ 원희룡 도지사를 중심으로 청렴대책본부를 구성·운영하고, 청렴 실무협의체인‘청렴 징검다리’를 운영하였다."
"268","○ 부패취약분야 개선을 위해 수의계약대상자 관리 강화 및 지방 자치단체의 수의계약 투명성 제고 과제에 대해서 지침을 마련하고, 직속기관 자체 계약금액 범위를 축소해 관리를 강화하는 등 「제주특별자치도 재무회계규칙」을 개정하여 수의 계약의 투명성과 실효성을 개선하였다. 그리고 국민권익위원회 제도개선 과제 6개 분야 18개 사항을 모두 이행하여 청렴실천을 위한 제도적 기반을 마련하였다."
"269","○ 자율적 제도개선분야에서 제주형 공유재산 관리시스템 구축으로 공유재산 대부를 공개경쟁 방식으로 전환하여 투명성을 향상시키는 등 효율적 관리방안을 마련하였다. 또한, 공무국외연수업체 선정시 20명 이상의 경우 공개경쟁 입찰하는 등 업무처리 기준을 제도화하여 투명성과 공정성을 개선하였다."
"270","○ 공무원 행동강령 내실화를 위해 이행실태 점검 등 특별감찰기간 8회 운영 및 상시 감찰을 통하여 공무원 행동강령 준수 등 예방중심의 감찰 활동으로 부패유발요인을 제거하고, 반부패 청렴활동을 다양하게 시행하여 높은 성적의 평가를 받았다."
"271","○ 아울러, 청탁금지법 신고체계 구축 및 공익신고를 활성화하고, 26개 기관·단체가 함께 민·관 청렴문화 실천운동을 전개하였다."
"272","○ 특히,‘고객만족 책임관제’를 도입하여 전 부서가 협력하여 고객과 소통을 강화하고, 민원인과 일일이 상담하여 불편사항을 적극 청취하고 해결하여 큰 호응을 얻고, 도정에 대한 신뢰도가 개선되었다."
"273","○ 이 외에도, 청렴 캠페인 송 및 동영상 제작, 청렴 UCC공모대회 등 다양한 매체를 활용하여 전 방위 홍보로 도민과 공유하였다."
"274","□ 이중환 기획조정실장은"
"275","○ “청렴도 평가 ‘14년도 16위에서 작년 4위로 크게 도약한 데에 이어 부패방지 시책평가는 2년 연속 1등급을 달성하게 되어 도민 여러분께 깊은 감사를 드리며, 진정한 청렴은 도민과 함께 실천할 때 가능하다.”면서 “18년에도 최선을 다하여 3년 연속 1등급을 달성하겠다.”라고 밝혔다."
"276","ㅁ 제주특별자치도는 세계평화의 섬 지정 13주년을 맞아 21일 오후 2시 아스타호텔 코스모스홀에서 미래비전 정책세미나를"
"277","<U+00A0><U+00A0><U+00A0> 개최한다."
"278","<U+00A0> ㅇ 제주대학교 평화연구소 주관으로 열리는 이번 세미나는 ‘한반도 질서의 재편과 세계평화의 섬’을 주제로 세계평화의 섬"
"279","<U+00A0><U+00A0><U+00A0><U+00A0> 지정(2005년 1월 27일) 의의와 성과를 알리고, 향후 미래비전을 제시하기 위해 마련되고 있다."
"280","ㅁ 세미나는 원희룡 지사의 개회사로 시작하여 김덕룡 민주평화통일자문회의 수석부의장의 기조강연과 2개의 세션별 토론으로"
"281","<U+00A0><U+00A0><U+00A0> 진행될 예정이다."
"282","<U+00A0> ㅇ 원지사는 개회사에서 제주의 평화사업에 특별한 관심을 갖고 참석해 준 김덕룡 민주평통 수석부의장에게 고마운 마음을"
"283","<U+00A0><U+00A0><U+00A0><U+00A0><U+00A0> 전하고 “그동안 제주는 갈등과 대립의 과거를 극복하고, 동아시아와 세계를 향해 평화의 발신지가 되고 있으며 언제든"
"284","<U+00A0><U+00A0><U+00A0><U+00A0><U+00A0> 북한과 교류협력 할 수 있는 채비도 갖춰왔다”며"
"285","<U+00A0>ㅇ “평창에서 발원된 평화의 바람이 평화문화를 확산해 온 제주에 새로운 기대감을 불어넣고 있어, 제주가 한반도의 평화의"
"286","<U+00A0><U+00A0><U+00A0><U+00A0> 마중물이 되어야 한다”고 남북교류에 대한 강한 의지를 밝혔다."
"287","ㅁ 이어서 김덕룡 민주평화통일자문회의 수석부의장의 기조강연이 실시된 후에"
"288","<U+00A0> ㅇ 첫 번째 주제 “2018 전환기의 남북한 관계와 세계평화의 섬 제주”에 대해서는 고성준 세계평화의 섬 범도민실천협의회"
"289","<U+00A0> <U+00A0><U+00A0><U+00A0> 의장(제주통일미래연구원장) 사회로, 김봉현 전 호주대사의 주제발표와 강근형 제주대학교수, 진희관 인제대학교수,"
"290","<U+00A0><U+00A0><U+00A0><U+00A0> 기지윤 제주평화연구원 연구위원의 토론으로 진행된다."
"291","<U+00A0> ㅇ 두 번째 주제 “세계평화의 섬 제주: ‘어떻게’와 ‘어떤’”은 변종헌 제주대학교 평화연구소장의 사회로, 고봉준 충남대학교수"
"292","<U+00A0><U+00A0><U+00A0> 주제발표와 고경민 제주연구원 연구위원, 이신선 서귀포YWCA사무총장, 류현종 제주대학교수의 토론이 예정되어 있다."
"293","ㅁ 이번 세미나에는 세계평화의 섬 범도민실천협의회, 민주평통자문위원, 통일교육위원, 통일문제 전문가 등 100여명이 참여"
"294","<U+00A0><U+00A0><U+00A0> 며, 최근 평창 동계올림픽 계기로 급진전되고 있는 남북교류에 대한 제주의 역할에 대하여 진지한 논의가 기대되고 있다."
"295","<U+00A0>ㅇ 김홍두 문화체육대외협력국장은 “제주 세계평화의 섬 13주년 정책세미나를 통해 성과와 발전방안에 대해 도민과 공유하고,"
"296","<U+00A0><U+00A0><U+00A0><U+00A0> 앞으로 제주의 평화확산사업에 지속적인 관심과 참여를 당부한다”고 전했다."
"297","<U+F071> “제주도가 자율주행차 테스트 베드 선도기지로서 관심을 받고 있는 가운데 그 첫 프로젝트로 자율주행 정밀지도를 제주를 기반으로 만드는 산업이 조성될 예정이다”"
"298","<U+F071> 원희룡 제주도지사가 12일 오전 10시 20분 도청 2층 삼다홀에서 전기차 자율주행 정밀지도 구축을 위한 업무협약을 체결하며 이같이 선언했다."
"299","<U+274D> 원 지사는 “제주는 현재 ‘2030 탄소 없는 섬’이라는 큰 그림 속에서 전기자동차 보급 사업을 야심차게 추진하고 있다”면서 “이는 단순히 보급 확대로 끝나는 것이 아니라 앞으로의 미래 산업들을 싹을 틔우고 뻗어나가게 하기 위한미래산업 기반으로 의미를 갖고 있다”고 전했다."
"300","<U+274D> 이어 “아무리 뛰어난 자율주행차가 있어도 해당지역에 대한 정밀지도가 없어 주변 환경을 제대로 인식할 수 없으면 완벽한 수준의 자율주행 구현이 어렵다”면서 “앞으로 제주가 자율주행기술에 대한 테스트기지, 선도기지로서 앞서나갈 수 있는 기반시설을 마련하고 구체적인 연관 산업과 프로젝트가 이어질 수 있도록 도정도 최선을 다하겠다”고 밝혔다."
"301","<U+F071> 이날 협약은 제주도와 제주국제자유도시개발센터, 자율주행 관련 기술을 보유한 미국의 우모(UMO), 카메라(CARMERA)사와 파트너십으로 추진하는 ㈜넥센테크가 제주도를 자율주행자동차 운행의 최적 환경으로 조성하고 자율주행 정밀지도를 구축하는데 동반자적 역할을 모색하기 위해 마련됐다."
"302","<U+F06D> 협약 내용은 ▲제주도 전역에 대한 자율주행차 운행용 정밀지도 제작 및 데이터 공유 ▲국내외 자율주행차 제조사 시범운행 유치 ▲㈜넥센테크의 보유기술 및 해외네트워크 활용한 제주도 자율주행차 연관산업 육성 등으로 전기차 1만시대를 앞둔 제주가 전기차 자율 주행의 확고한 역할을 해나갈 수 있도록 협력한다는 내용을 포함하고 있다."
"303","<U+F06D> 특히 제주·서울 스마트도로 시범 구축 등 2020년까지 자율주행차 상용화(국토교통부), 자율주행차 산업생태계 조성 및 전기차 대중화 시대 조기 개막(산업통상자원부) 등 <4차 산업 혁명과 혁신성장>이라는 국가전략에도 함께 대응해 나갈 전망이다."
"304","<U+F06D> 협약에 따라 제주도는 도내 자율주행 시범운행을 성공적으로 안착시키기 위한 행정적 지원을, JDC는 자율주행차 시범운영 지원 및 자율주행차 연관산업 육성을 위한 정책을 마련할 예정이다."
"305","<U+F06D> ㈜넥센테크는 자율주행 전문 자회사‘엔디엠(NDM)’을 통해 제주도 내 테스트 베드 구축 및 자율주행 플랫폼 완성을 목표로, 연관 사업에 필요한 기술에 대한 연구/개발 및 제반 비용을 투자하기로 합의했다."
"306","<U+F071> 한편 이날 협약식에는 원희룡 도지사, 이광희 제주국제자유도시개발센터 이사장, 장 피에르 라파랭(Jean-Pierre Raffarin, 전프랑스 총리) ㈜넥센테크 이사회 회장이 함께 참석했다."
"307","<U+F06D> 이 외에도 2018 디트로이트 오토쇼(North American International Auto Show, NAIAS)에서 자율주행 부문 올해 최우수 스타트업상을 수상한 미국 3D 맵핑 전문 업체 카메라’의 로 굽타(Ro Gupta) CEO와 에단 소렐그린(Ethan Sorrelgreen) CPO, 미국의 자율주행 플랫폼 전문 기업 ‘우모’의 스캇 코헨(Scott Cohen) CEO도 함께 참석해 자리를 빛냈다."
"308","<U+F071> 제주특별자치도는 2월 12일(월) 10:20 도청 본관 한라홀(4층)에서 제주특별자치도, 제주국제자유도시개발센터, (주)넥센테크 간 전기차 자율주행 정밀지도 구축을 위한 업무협약을 체결했다."
"309","<U+25E6> 제주특별자치도지사 원희룡, JDC 이광희 이사장, (주)넥센테크 장 피에르 라파랭*이 협약서에 서명했다"
"310","* 장 피에르 라파랭 : 前 프랑스 총리"
"311","<U+25E6> 이번 협약은 전기차 선도도시 및 정부의 4차 산업을 연계한 자율주행차 인프라 확충을 위한 정밀지도를 구축하기 위한 행정적 지원을 위해 추진되었다."
"312","<U+25E6> 주요 협약내용은"
"313","제주특별자치도에서는 자율주행 정밀지도 구축사업이 원활하게 진행될 수 있도록 행정적 지원을 하고"
"314","제주국제자유도시개발센터에서는 자율주행차 시범운영 지원 및 연관산업 육성을 위한 정책 제언"
"315","(주)넥센테크에서는 자율주행 정밀지도 구축 사업비 확보, 도 전역 자율주행차 운행 정밀지도 제작 및 데이터 공유, 국내외 자율주행차 제조사 시범운행 유치 추진 등 상호협력에 관한 사항이다."
"316","<U+F071> 자율주행은 자율주행차량에 카메라, 레이더, 라이다 등을 장착하여 주변상황을 인식하여 운행하여야 하나 주변상황을 제대로 인식할 수 없는 경우 완벽한 수준의 자율주행을 구현하기 어렵다."
"317","<U+25E6> 이러한 감지기의 한계를 극복하기 위해 도로에 대한 정밀지도를 통해 자동차 스스로 방향전환 및 속도를 조절할 수 있는 것이 자율주행차의 핵심 기술이다."
"318","<U+F071> 제주특별자치도 관계자는 “자율주행 차량용 정밀지도 구축으로 교통흐름을 최적화하여 교통사고와 교통제증이 없는 도로 구현이 가능하며, 이를 기반으로 4차 산업혁명을 연계할 수 있다”고 밝혔다."
"319","붙임 : 업무협약식 개요 1부."
"320","<U+F072>ㅁ 제주특별자치도 통합방위협의회(의장 원희룡 도지사)는 지역 통합방위 태세 확립과 도민의 안보 의식 고취를 위해"
"321","<U+00A0><U+00A0><U+00A0><U+00A0><U+00A0><U+00A0><U+00A0><U+00A0> 5일 오후 2시 도청 4층 탐라홀에서 2018 제주지방 통합방위회의를 개최한다."
"322","<U+F072><U+00A0><U+00A0> <U+00A0>올해 통합방위회의는 원희룡 도지사를 비롯해 국정원, 경찰, 해경, 군 등"
"323","<U+00A0><U+00A0><U+00A0><U+00A0><U+00A0><U+00A0><U+00A0> 도내 주요 기관 단체장과 관계자 250여명이 함께 참석한 가운데 통합방위태세 확립을 위한 기관별 보고와 함께"
"324","<U+00A0><U+00A0><U+00A0><U+00A0><U+00A0><U+00A0><U+00A0> 유공자 시상이 진행된다."
"325","<U+00A0><U+00A0><U+00A0><U+00A0><U+00A0><U+00A0> <U+274D> 회의는 통합방위 유공자 표창, 국가정보원제주지부의 북한 정세 및 위협 전망 보고,"
"326","<U+00A0><U+00A0><U+00A0><U+00A0><U+00A0><U+00A0><U+00A0><U+00A0><U+00A0><U+00A0> 제주자치도의 총괄보고에 이어 제주지방경찰청·제주지방해양경찰청·해병대제9여단의 통합방위태세 보고,"
"327","<U+00A0><U+00A0><U+00A0><U+00A0><U+00A0><U+00A0><U+00A0><U+00A0><U+00A0> 유관기관 의견 수렴 순으로 이어진다."
"328","<U+F072><U+00A0><U+00A0><U+00A0><U+00A0><U+00A0> 제주도 통합방위협의회 의장인 원희룡 도지사는"
"329","<U+00A0><U+00A0><U+00A0><U+00A0><U+00A0><U+00A0><U+00A0><U+00A0> 이 자리에서 올해 중앙통합방위회의에서 논의된 주요 의제를 밝히고 제주의 안보태세 확립을 위한"
"330","<U+00A0><U+00A0><U+00A0><U+00A0><U+00A0><U+00A0><U+00A0><U+00A0> 민관군경의 긴밀한 협업을 당부한다."
"331","<U+00A0><U+00A0><U+00A0><U+00A0><U+00A0><U+00A0> <U+274D> 원 지사는 “평창 동계올림픽으로 남북 대화와 교류의 기회가 열리고 평가 기류가 형성되겠지만"
"332","<U+00A0><U+00A0><U+00A0><U+00A0><U+00A0><U+00A0><U+00A0><U+00A0><U+00A0><U+00A0><U+00A0> 북한의 핵과 미사일 위협은 우리 앞에 놓인 엄중한 현실”이라며 “남북과 한반도를 둘러싼 주변 정세를 예의주시하며"
"333","<U+00A0><U+00A0><U+00A0><U+00A0><U+00A0><U+00A0><U+00A0><U+00A0><U+00A0><U+00A0> 올해 통합방위 의제를 협의했다”고 전한다."
"334","<U+00A0><U+00A0><U+00A0><U+00A0><U+00A0> <U+274D> 지난 17일 열린 중앙통합방위회의에서 논의된 주요 의제는 ▲북핵 위협 대비 군·지자체 대응방안 ▲생물·화학무기를 이용한 테러"
"335","<U+00A0><U+00A0><U+00A0><U+00A0><U+00A0><U+00A0><U+00A0><U+00A0><U+00A0> 대응방안 ▲평창 올림픽 기간 테러 발생 시 선수단·관람객 안전 확보 대책 ▲사이버 위협 대비 유관기관 협업 강화 방안"
"336","<U+00A0><U+00A0><U+00A0><U+00A0><U+00A0><U+00A0><U+00A0><U+00A0> ▲재해재난 시 효율적 초기대응 강화를 위한 정부 지자체 공조 방안 등이다."
"337","<U+00A0><U+00A0><U+00A0><U+00A0> <U+274D> 이어 원 지사는 “중앙통합방위회의에서 결정된 주요 의제를 토대로"
"338","<U+00A0><U+00A0><U+00A0><U+00A0><U+00A0><U+00A0><U+00A0><U+00A0> 제주에 맞는 실천 전략과 과제를 마련해 굳건한 방위태세를 갖출 수 있도록 대비할 것”과"
"339","<U+00A0><U+00A0><U+00A0><U+00A0><U+00A0><U+00A0><U+00A0> “초국가적·비군사적 위협 요소들이 상존하는 시기 민·관·군·경이 상시적으로 긴밀한 협업을 통해"
"340","<U+00A0><U+00A0><U+00A0><U+00A0><U+00A0><U+00A0><U+00A0><U+00A0> 굳건한 합동방위태세를 유지하며 테러와 재난의 양상 변화에 따른 맞춤형 대책이 필요하다”고 당부한다."
"341","<U+00A0><U+00A0><U+00A0> <U+274D> 또한 원 지사는 “통합방위의 최종 목표는 도민 생명과 재산 보호”라며 “외부 위협에 능동적으로 대처하면서"
"342","<U+00A0><U+00A0><U+00A0><U+00A0><U+00A0><U+00A0><U+00A0> 도민이 안심하고 행복하게 생활할 수 있는 안보태세 확립을 위해 역량을 집중해 나갈 것”이라 밝힐 예정이다."
"343","<U+F072> 한편 제주특별자치도 통합방위협의회는"
"344","<U+00A0><U+00A0><U+00A0><U+00A0> 국가방위 요소별 추진실적을 평가하고 통합방위태세를 확립하기 위해 지방 통합방위회의를 연 1회 이상 개최하고,"
"345","<U+00A0><U+00A0><U+00A0> <U+00A0>매 분기 1회 이상 이에 준하는 통합방위협의회를 정기적으로 개최하고 있다."
"346","<U+00A0><U+00A0> ㅁ 원희룡 제주특별자치도지사는 국가안전대진단이 시작되는 첫날인 5일 오전 10시"
"347","<U+00A0><U+00A0><U+00A0><U+00A0><U+00A0> <U+00A0>제주시 노형동 드림타워 공사현장과 노인전문요양원 효사랑을 차례로 방문하여 안전관리 실태를 직접 점검한다."
"348","<U+F06D><U+00A0> <U+00A0>이번 안전점검은 원 지사의 안전에 대한 각별한 긴장감을 가지고 안전관리에 전념하고자"
"349","<U+00A0><U+00A0><U+00A0><U+00A0><U+00A0> <U+00A0>관련 전문가들과 함께 국가안전대진단이 성공적으로 이끌어 내기 위해 마련된 것으로,"
"350","<U+F06D><U+00A0> 고길림 제주시 부시장과 제주자치도 유종성 도민안전실장, 안전관리자문단위원(4명), 공사관계자 등"
"351","<U+00A0><U+00A0><U+00A0><U+00A0><U+00A0><U+00A0> 총 20여명이 함께 참석할 예정이다."
"352","<U+F071> <U+00A0>원 지사는 우선 제주시 노형동 드림타워 건설현장을 찾아 배석한 관계기관과"
"353","<U+00A0><U+00A0><U+00A0><U+00A0><U+00A0> 안전관리자문단으로부터 공사현황에 대한 보고를 받고, 공사관계자들을 격려한다."
"354","<U+F06D> 이 자리에서 원 지사는 “요즘 빈번하게 발생하는 타워크레인 전도사고 예방과 낙하물에 의한 근로자들의"
"355","<U+00A0><U+00A0><U+00A0><U+00A0> 안전사고가 발생하지 않도록 위험·위해요소를 제거하여 현장의 안전의식 확산 및 안전관리에 대비할 것”을 강조할 예정이다."
"356","<U+F071> 이어 제주시 월평동에 위치한 노인전문요양원 효사랑으로 이동하여 시설현황을 청취하고"
"357","<U+00A0><U+00A0><U+00A0><U+00A0> 화재발생시 피난 대피로 등에 대한 안전관리 실태를 확인할 계획이다."
"358","<U+F06D> 원희룡 지사는 거동이 불편한 어르신들의 거주하는 요양원은 화제 발생시"
"359","<U+00A0><U+00A0><U+00A0><U+00A0> 경남 밀양과 같은 대형 인명사고가 우려되므로, 화재 사고가 발생하지 않도록 관계자들에게 당부하는 한편,"
"360","<U+00A0><U+00A0><U+00A0><U+00A0><U+00A0> 종사자들에 대한 피난 대피 교육·훈련도 사전에 대비할 것을 강조한다."
"361","<U+F071> 한편, 도에서는 오늘(2월 5일)부터 다음달 30일까지 54일간 진행되는 국가안전대진단을 통해"
"362","<U+00A0><U+00A0><U+00A0><U+00A0> 도내 3,200개소에서 7개 분야 43개 유형에 대한 진단을 실시할 예정이며,"
"363","<U+00A0><U+00A0><U+00A0><U+00A0><U+00A0> 관리주체 자체점검과 민관합동 점검을 통해 도내 현장의 안전 관리를 도모할 방침이다."
"364","<U+F06D> 유종성 도민안전실장은"
"365","<U+00A0><U+00A0> <U+00A0>“시행 4년차를 맞이하는 올해는 ‘선택과 집중’에 의한 취약시설 중심으로 안전점검이 보다 내실있게 실시 될 수 있도록"
"366","<U+00A0><U+00A0><U+00A0><U+00A0><U+00A0><U+00A0> 그 어느때보다 수준 높은 점검에 나설 계획”이라고 밝혔다."
"367","<U+00A0> ㅁ<U+00A0>최근 전국에서 연이은 화재로 국민들의 인명 및 재산 피해가 급증하는 가운데,"
"368","<U+00A0><U+00A0><U+00A0><U+00A0> 제주특별자치도는 각종 재난과 안전사고로부터 도민의 생명을 보호하기 위해"
"369","<U+00A0><U+00A0><U+00A0> 제주안전생활실천시민연합(대표 조승철) 임원 및 안전 교육 강사와의 정책 간담회를 31일 개최한다고 밝혔다."
"370","<U+00A0><U+00A0> <U+274D> 이날 정책 간담회는 제천 목욕탕, 밀양 세종병원 등의 재난 발생으로 안전 교육에 대한 관심이 증가함에 따라 마련됐으며,"
"371","<U+00A0><U+00A0> <U+274D> 도내에서 안전문화 운동 정착을 위한 홍보·캠페인, 맞춤형 안전 교육 등을 추진하고 있는"
"372","<U+00A0><U+00A0><U+00A0><U+00A0><U+00A0><U+00A0> 제주안전실천시민연합과의 간담회를 통해 안전 점검, 안전 캠페인 등 도민들의 안전 실천 역량 강화 방안에"
"373","<U+00A0><U+00A0><U+00A0><U+00A0><U+00A0><U+00A0> 대한 의견을 청취할 예정이다."
"374","<U+00A0><U+00A0> <U+274D> 이 자리에는 원희룡 제주특별자치도지사도 함께 참석한다."
"375","<U+00A0><U+00A0> <U+274D> 원 지사는 도내 안전 문화 붐 조성을 위한 아이디어를 수렴하고 도민의 안전의식을 높일 수 있도록"
"376","<U+00A0><U+00A0><U+00A0><U+00A0><U+00A0><U+00A0><U+00A0> 민관 협업을 통한 자발적인 참여를 유도하는 한편 안전 분야에 대한 민간단체의 지속적인 관심과 참여를 당부할 계획이다."
"377","<U+F071><U+00A0><U+00A0> <U+00A0>한편 올해부터는 생애주기별 국민 안전교육을 범정부적으로 추진하기 위한 국민 안전교육 진흥 기본법(이하 ‘안전교육법’)을"
"378","<U+00A0><U+00A0><U+00A0><U+00A0><U+00A0><U+00A0> <U+00A0>마련하고 재난안전 종사자 및 학생 중심의 교육에서 전국민대상으로 종합적인 안전교육이 본격 추진됨에 따라,"
"379","<U+00A0><U+00A0><U+00A0><U+00A0><U+00A0><U+00A0><U+00A0> 제주도에서는 생활안전(화재·재난 등), 물놀이, 교통안전 등의 테마별로 맞춤형 교육을 실시할 계획이다."
"380","<U+00A0><U+00A0> <U+274D> 그 동안 아동과 청소년 대상의 학교 교육과 법정 교육이 주를 이뤘지만 안전교육법에는"
"381","<U+00A0><U+00A0><U+00A0><U+00A0><U+00A0><U+00A0><U+00A0> 우선적으로 영유아 및 초·중·고를 비롯한 학교, 다중이용시설, 사회복지시설 등의 시설관리자에 대한 안전 교육을"
"382","<U+00A0><U+00A0><U+00A0><U+00A0><U+00A0><U+00A0> <U+00A0>의무화 함에 따라 취약계층을 위한 교육을 병행한다."
"383","<U+00A0><U+00A0> <U+274D> 이와 함께 재난 및 안전 분야 중 국민과 밀접한 관련이 있는 6대분야(생활·교통·자연재난·사회기반체계·범죄·보건)를"
"384","<U+00A0><U+00A0><U+00A0><U+00A0><U+00A0> <U+00A0>선정해 대규모 건설현장, 전통시장, 캠핑, 스포츠 안전 등 도민생활과 밀접한 시설을 중심으로 민관 합동으로"
"385","<U+00A0><U+00A0><U+00A0><U+00A0><U+00A0><U+00A0> 안전수칙 준수 여부 등을 점검하고, 홍보 캠페인을 지속적으로 전개할 방침이다."
"386","□ <U+00A0>“갈등 조정과 통합 역량을 강화하여 제주 평화를 증진시켜 나가겠습니다”"
"387","□<U+F071> 원희룡 제주특별자치도지사가 27일 제주 세계평화의 섬 지정 13주년을 맞이해 제주 평화의 섬 메시지를 발표하며"
"388","<U+00A0><U+00A0><U+00A0><U+00A0><U+00A0> 이같이 밝혔다.<U+00A0>"
"389","<U+00A0><U+274D> 원 지사는 “제주는 갈등과 대립의 과거를 극복하고, 동아시아와 세계를 향해 평화를 전파하는 발신지가 되고 있다고"
"390","<U+00A0><U+00A0><U+00A0><U+00A0> 확신한다”고 전했다."
"391","<U+00A0><U+274D> 또한 메시지를 통해 “정부의 강정주민 구상권 청구 소송 철회로 10년 동안 지속되어 온 강정마을 갈등 해결과 도민통합의"
"392","<U+00A0><U+00A0><U+00A0> 기대가 높아지고 있다. 강정마을 공동체 회복은 이제부터 시작”이라며 “강정마을 주민에 대한 사면복권과 공동체 회복을"
"393","<U+00A0><U+00A0><U+00A0> 위한 사업의 정상 추진을 위해 온 힘을 기울이겠다”고 강조했다."
"394","<U+00A0><U+274D> 아울러 “제2공항 갈등 문제도 지역주민과 적극적으로 소통하고 정부와 긴밀하게 협력해 원만히 해결될 수 있도록 하겠다”고"
"395","<U+00A0><U+00A0><U+00A0><U+00A0> 피력하며 “도민의 삶과 밀접한 생활 갈등에 대해서도 도민사회와 협치를 강화하고 전 방위적 소통행정을 통해 일상의 평화를"
"396","<U+00A0><U+00A0><U+00A0><U+00A0> 일구어 나가겠다”고 덧붙였다."
"397","□ 이번 평화 메시지에는 평창 동계올림픽으로 조성되고 있는 남북화해 기류를 통해 제주가 한반도 평화를 위한 마중물 역할을"
"398","<U+00A0><U+00A0><U+00A0> 수행하고, 4·3 70주년 추념행사를 통해 평화와 인권의 정신을 전 세계에 알리는 계기로 만들겠다는 내용을 담기도 했다."
"399","□ 한편, 제주특별자치도는 지난 2005년 1월 27일부터 정부로부터 세계평화의 섬으로 지정받아 자연·문화 유산을 바탕으로"
"400","<U+00A0><U+00A0><U+00A0> 평화 실천 사업을 다각적으로 추진해오고 있다."
"401","<U+00A0><U+274D> 민선6기에 들어서는 ▲제주 감귤 보내기 ▲제주-북한 평화 크루즈 운행 ▲남북한 교차 관광 실시 ▲한라산 백두산 생태·환경보존"
"402","<U+00A0><U+00A0><U+00A0><U+00A0> 공동 협력 ▲제주포럼 북측 대표단 참석 ▲에너지 평화협력 사업의 내용을 포함한 5+1대북사업을 제안하고 북한과의 교류협력을"
"403","<U+00A0><U+00A0><U+00A0><U+00A0> 위한 주춧돌을 마련하고 있다."
"404","※ [붙임] 세계평화의 섬 지정 13주년 메시지 전문 1부"
"405","원희룡 도지사가 제주특별자치도의 헌법적 지위 확보를 위해 적극 나섰다. <U+F071>"
"406","<U+00A0>제51차 중앙통합방위회의 참석차 서울을 찾은 원희룡 지사는 17일 오후 정부 서울청사에서 김부겸 행정안전부장관을 만나 자치분권 분야의 정부 지원을 요청했다. <U+F071>"
"407","<U+00A0>원 지사는 “연방제 수준의 자치분권 시범지역 운영을 통해 도민의 복리증진 및 국가 발전에 기여할 수 있다”면서 “정부가 개헌안을 낸다면 특별자치도의 내용을 담아줄 것”을 건의했다. <U+F06D>"
"408","<U+00A0><U+00A0> 특히 원 지사는 “지역의 역사·지리·문화적 특수성을 고려해 특별지방정부를 설치할 수 있는 근거를 마련해달라”며 “지방정부 의회에 자치 사무에 대한 자치입법권과 지방세 세목과 세율을 자치법률로 정할 수 있도록 자치재정권을 부여해 달라”고 피력했다. <U+F06D>"
"409","<U+00A0><U+00A0><U+00A0> 지역 발전의 핵심 동력이 될 수 있는 점을 들어 헌법적 지위 확보를 지속적으로 국회에 요청한데 이어, 정부 차원의 지원도 요청한 셈이다. <U+F06D>"
"410","<U+00A0><U+00A0> <U+00A0>이와 관련해 도에서는 지난 11월 29일 특별지방정부 설치 및 특례 근거를 반영한 헌법개정안을 대통령 직속의 지방자치발전위원회와 지역발전위원회, 행정안전부의 자치분권과와 개헌 테스크포스에 건의한 바 있다. <U+F071>"
"411","이와 함께 원 지사는 “국정과제 추진동력 확보를 위해 제주특별자치도 분권모델의 완성을 지방자치발전 종합계획의 핵심과제에 반영함으로써 제주가 선도 모델이 될 수 있도록 해 달라”고도 요청했다. <U+F06D>"
"412","<U+00A0><U+00A0> <U+00A0>이를 통해 제주도는 특별자치 모델 및 발전방향 설정에 있어 자기결정권을 강화하고, 자치경찰, 주민자치위원회, 의회 및 조직, 재정·세제 관련 권한 등을 강화해 나갈 목표를 세우고 있다. <U+F071>"
"413","김부겸 장관은 “특별자치도의 헌법적 지위 확보와 관련해서는 국회와 협력해 나가겠다”면서 “지방자치발전 종합계획 핵심과제 반영 부분은 일정부분 계획에 반영돼 있으며 향후 세부 내용에 대해서는 실무 부서와 논의 하겠다”고 답변했다."
"414","앞으로 제주특별자치도는 지난 15일부터 개헌과 선거제도 개편을 논의하는 국회 헌법개정ㆍ정치개혁특별위원회가 가동됨에 따라 지방분권 개헌안이 국회와 정부 개헌안에 반영될 수 있도록 지속적으로 지원을 요청할 계획이다."
"415","제7회 제주 수출인의 날 및 제54회 무역의 날 기념식 개최"
"416","- 원 지사 “수출기업 뒷받침 할 것”… 중소기업 육성 의지 밝힌다 -"
"417","제7회 제주 수출인의 날 및 제54회 무역의 날 기념식이 13일 오전 10시 30분 도청 4층 탐라홀에서 개최된다."
"418","<U+F071> 제주특별자치도와 한국무역협회 제주지부가 주최하는 이번 행사에는 원희룡 도지사와 이창윤 기업협의회장, 현광희 수출협회장, 김덕영 한국무역협회 제주지부장, 반정식 중소기업진흥공단 제주지부장, 김양성 코트라 제주사무소장, 강원신 한국농수산식품유통공사 제주지역본부장, 김진석 경제통상진흥원장, 박경석 제주수출지원센터 팀장 등 수출 기업과 수출유관기관 등 1백여 명의 관계자가 함께 참석할 예정이다."
"419","<U+F071> 특히 이 날 행사에서는 제54회 무역의 날 정부포상 전수와 제7회 제주 수출인의 날 기념 수출유공기업(유공자)에 대한 포상이 진행된다."
"420","<U+274D> 제54회 무역의 날 기념 정부포상은 (주)제주반도체(대표 박성식, 조형섭)가 5천만불을 달성하는 등 도내 수출기업 5개사가 수출탑을 수상하고, (주)아트피큐(대표 오태현) 등 2개사가 한국무역협회장 표창을 받는다."
"421","<U+274D> 제주특별자치도는 광역자치단체 중 최우수 기관으로 선정돼 대통령 기관표창을 받는다."
"422","<U+274D> 또한, 제7회 제주 수출인의 날 기념 유공기업으로 제주감귤농업협동조합이 수출대상을 수상하는 등 수출기업 5개사와 유공자 5명에 대한 표창도 진행된다."
"423","<U+274D> 이와 함께 신규수출시장 진출요령에 대해 일본사례를 중심으로 특강이 이어지며, 수출기업인들과의 공유하는 시간도 마련된다."
"424","<U+F071> 이 자리에서 원희룡 지사는 “어려운 경제 여건 속에서도 제주 지역 수출액이 1억 2280만 달러로 작년대비 21.2%가 증가(2017.10월 기준)하는 실적을 거두었다”면서 “수출을 통해 기업을 키우고 새로운 일자리를 창출하는 기업들이 제주에 더 많아질 수 있도록 ▲중국 상하이, 일본 도쿄에 해외통상사무소를 개설해 바이어 발굴 ▲해외통상자문관제(7개국 10명) 운영 ▲수출진흥회의 운영 ▲해외바이어 초청 수출상담회 개최 ▲해외 지사화 등으로 지속적인 기업 지원을 이어갈 뜻”을 밝힐 게획이다."
"425","<U+F071> 한편, 제주자치도는 수출기업인의 사기진작과 수출 참여 분위기 확산을 위해 지난 2011년부터 매년 12월 둘째 수요일을 『제주 수출인의 날』로 정해 수출 우수기업 및 유공자를 발굴<U+2027>시상해 오고 있다."
"426","□ 제주도 기간제 근로자 548명이 정규직으로 바뀐다."
"427","□ 제주특별자치도는 지난 7월 20일 발표된‘공공부문 비정규직 정규직 전환 가이드라인’에 따라 정규직 전환심의위원회를 구성해 총 548명을 정규직으로 전환할 방침이라 밝혔다."
"428","<U+274D> 정부 가이드라인에 따라 60세 이상이거나 사업 기간 확정 등으로 전환예외 대상인 873명을 제외한 770명의 기간제근로자에 대하여 근로실태를 각 업무별로 세부 심의한 결과, 상시 지속적 업무로 최종 548명을 결정한 결과이다."
"429","□ 이번 정규직 전환은 기간제 근로자를 최대한 전환한다는 원칙 아래 심의가 진행됐다."
"430","<U+274D> 정부에서는 실업<U+2024>복지대책사업 49개 중 15개 사업(103명)에 대해 정규직 전환을 권고했으나,"
"431","<U+274D> 도 전환심의위원회에서는 49개 사업 근로자(246명) 전원을 전환 대상자에 포함했다. 이는 현재까지 심의의결이 이루어진 자치단체 중에서는 전국에서 제주도가 유일하다."
"432","<U+274D> 또한, 주정차 지도단속 등 권한 있는 행정행위가 필요한 분야에 대하여는 시간선택제임기제 공무원으로 채용해 행정행위에 보다 책임을 강화할 예정이다."
"433","□ 위원회에서 가장 쟁점이 된 분야는 고령자 친화 직종 근로자 정년 연장, 초단시간 근로자, 일시적인 업무이다."
"434","<U+274D> 일반사무 보조, 농림환경, 환경미화 등 전 분야에 근무하고 있는 고령자 정년 연장은 △고령자 친화 직종 선정의 어려움 △타 직종과의 형평성 등의 문제가 제기되어 최종 60세로 하되 촉탁직으로 계속 근로할 수 있는 여건을 최대한 조성키로 결정했다."
"435","<U+274D> 주 12시간 근로 중인 지역아동센터 아동복지교사는 전환 시 △타 업무 겸직 제한 △높은 이직률 △단시간 교사 채용의 어려움 등을 고려해 주 25시간으로 근로시간을 확대해 전환할 계획이다."
"436","<U+274D> 일시적인 업무는 심의대상에서 가장 쟁점이 된 분야이다. 계절, 시기별 업무로 연중 9개월 미만 사업이거나 연도별로 채용기간이 각각 다르고, 6개월 단위로 채용되는 사업 및 공공근로사업 성격 등을 고려했을 때 전환 대상에서는 최종 제외 결정됐다."
"437","□ 제주도는 이번 정규직 전환을 위해 지난 6월부터 도 소속 비정규직 근로자에 대해 현황 파악 및 특별 실태 조사, 관계 부서 회의 및 8차례의 정규직 전환심의위원회 회의 등을 거쳤다."
"438","<U+274D> 이를 통해 근로자 개인과 관련 노동조합 의견을 수렴하는 등 당사자를 비롯한 이해 관계자의 입장을 최대한 반영함은 물론"
"439","<U+274D> 정규직 전환의 공정성과 객관성을 확보하기 위해 민주노총, 한국노총 추천인사 2명을 포함해 관련 법률, 노사관계 전문가 등 총 9명의 정규직 전환심의위원회를 구성(9월 29일), 지난 12월 6일 전환 대상을 최종 확정했다."
"440","<U+274D> 이 과정에는 양대 노총(민주노총, 한국노총)이 추천한 위원이 함께 참여해 한층 더 깊은 토론과 심도 있는 논의를 거치기도 했다."
"441","□ 도는 이달 중 정규직 전환대상 근로자에 대해 면접 등 채용 절차를 진행할 계획이며 내년 1월 정규직으로 전환할 방침이다."
"442","<U+274D> 정규직으로 전환되는 근로자는 내년부터 명절 상여금, 복지 포인트 등의 복리 후생이 확대되며, 도에서는 2018년도 예산에 35억여 원의 예산을 편성했다."
"443","□ 또 전환 대상에서 제외된 근로자의 계속 고용 여건을 만들기 위해"
"444","<U+274D> 60세 이상 고령자는 촉탁직으로 계속 근로할 수 있도록 각 부서에 권고하고, 2018년 추경예산 확보 등을 통해 공공근로사업 등의 채용기회를 확대함으로써 근무를 최대한 보장토록 할 계획이다."
"445","□ 한편, 제주특별자치도는 2007년부터 지난해까지 총 2,201명을 정규직으로 전환해 비정규직 근로자의 차별 개선과 행정 서비스 질 향상을 도모해 왔다."
"446","<U+274D> 원희룡 제주도지사는 이와 관련해“비정규직에 대한 정규직 전환 심의에 있어서 적극 행정을 통해 일자리 안정화와 확대 추세를 반영할 것”을 주문한 바 있다."
"447","□ 이중환 기획조정실장은“이번 정규직 전환은 비정규직의 고용 불안을 덜고 안정적인 일자리 제공을 목표로 분야별로 여러차례 심의를 거쳤으며, 앞으로도 주기적인 조직 진단과 행정수요 분석을 통하여 정규직 채용의 기회를 늘려 나가겠다.”고 밝혔다."
"448","□ 제주특별자치도는 오는 12월 2일 오전 10시 30분 제주사회경제적지원센터 몬딱가공소(제주고용복지플러스센터 1층)에서 공동육아 활동을 하고 있는 자조모임 부모 등 100여명과 함께 수눌음육아나눔터 공동육아 활동사례 발표회를 개최한다고 밝혔다."
"449","□ 수눌음육아나눔터는 도에서 작년부터 본격 추진하고 있는 생활체감형 양성평등정책 ‘제주처럼’의 핵심과제로, 일<U+2024>가정 양립 및 저출산 대책으로 추진되고 있는 사업으로 마을에서 이웃끼리 자녀들과 함께 모여 돌봄을 할 수 있는 사랑방 역할을 하는 활동 공간이다."
"450","□ 이번 발표회는 현재 조성되고 있는 수눌음육아나눔터(20개소)와 부모 자조모인인 37개 공동육아팀이 그 동안의 운영 결과를 나누고 함께 공유하기 위해서 마련된 것으로 조한혜정 연세대 명예교수(道 양성평등위원회 부위원장)와 차성란 대전대 교수(道 양성평등위원회 위원)로부터 제주형 수눌음 육아돌봄 정책에 대한 제언을 먼저 듣고, 수눌음육아나눔터에서 공동육아 돌봄 활동을 하고 있는 부모 자조모임 활동사례와 타시도 공동육아 사례 발표가 이어서 진행된다."
"451","□ 수눌음육아나눔터 돌봄 활동 사례 발표는 수눌음육아나눔터 1호점(삼화부영2차아파트)에서 공동육아 활동을 하고 있는 “한지붕열가족 공동육아팀” 조민경 운영대표와 14호점(서귀포혁신LH2차아파드)에서 활동하고 있는 “제주에사려니 공동육아팀” 김현선 운영위원이 맡는다."
"452","□ 특히, 이날 발표회에는 제주도의 수눌음육아나눔터와 공동육아 활동 우수사례를 직접 들어보고 사회적 돌봄의 해법을 모색하기 위해 여성가족부 이정심 가족정책관과 이남희 정책보좌관이 직접 참관할 예정이다."
"453","□ 또한, 도는 수눌음육아나눔터와 제주형 공동육아로 행정안전부 주관"
"454","′16년도 저출산 극복 지자체 경진대회에서 우수 지자체로 선정되어 인센티브로 특별교부세 1억원을 받았다."
"455","□ 원희룡 지사는 이날 발표회에 참석하여 “이번 발표회에서 좋은 사례를 공유하고 더 나은 방안을 모색하여 수눌음육아나눔터가 제주 구석구석에서 제 역할을 당차게 해내기를 바란다.”는 말씀과 함께 아이 낳고 키우기 좋은 육아환경을 만들어가기 위해 현장에서 발로 뛰는 부모님들과 관계자들을 격려할 계획이다."
"456","<U+25A2> 원희룡 제주특별자치도지사가 백재현 예결위원장을 비롯한 여ㆍ야 국회 예결위원들을 상대로 내년도 국비예산 확보에 나섰다."
"457","<U+25A2> 원희룡 지사는 24일(금) 이른 아침부터 국회를 찾아 제주도 관련 16개 사업 과제(총 638억4천만원)를 직접 설명하고 국비 증액을 요청했다."
"458","<U+25A2> 원 지사는 이날 백재현 예결위원장과 예결위 여·야 간사단, 안호영 (더불어민주당)·곽대훈(자유한국당) 제주도 담당 의원, 정운천 예결소위 위원 등 예산조정소위 소속 핵심 의원들을 만나 제주도 국비 예산에 대한 적극적인 관심과 지원을 당부했다."
"459","<U+25A2> 특히 제주 농산물의 안정적 공급과 해상운송비 농가부담 완화를 위해 해상운송에 소요되는 경비를 지원할 필요가 있다는 점을 강조하며 미반영된 국비 37억원의 추가 지원을 건의했다."
"460","<U+25A2> 이와 함께 한라산 소나무 재선충병 초기진압을 위해 국비 304억5천만원의 지원과 국책사업인 서귀포 크루즈항 건설사업 추진을 위해 112억원의 추가 지원을 건의했다."
"461","<U+25A2> 이밖에도 제주 발전을 위한 지역특화사업에 각별한 관심을 기울여 줄 것을 당부한 뒤, 구윤철 기재부 예산실장 등 기재부 핵심 관계자와도 잇달아 만나며 제주도 국가예산 반영에 대한 협조를 요청했다."
"462","<U+25A2> 원 지사는 그동안 정부예산 확보를 위해 전성태 행정부지사를 필두로 강창일·오영훈·위성곤 의원실과 도 예산담당관실, 서울본부가 상시적 협력체계를 구축토록 하였고, 도 기획조정실의 상시 지원 등을 통해 지속적으로 국회와 중앙부처를 방문해 사업의 필요성과 효과, 지원 당위성을 설명하며 타 지자체보다 발 빠른 대응에 나서왔다."
"463","<U+25A2> 원 지사는 “내년도 정부 예산 확보를 위해 막판 총력전을 펼치고 있다”며 “제주 국비예산이 최대한 증액될 수 있도록 최선을 다하겠다”고 밝혔다."
"464","<U+25A2> 제주도는 내년도 국비 확보를 위해 △제주산농산물 해상운송비 지원 △제주 소나무 재선충병 방제사업 △서귀포 크루즈항 건설사업 △제주 크루즈선용품지원센터 건립 지원 △친환경 에너지절감장비 지원사업 확대 지원 등을 포함한 주요 증액 대상사업 16건, 총 638억4천만원을 건의했다."
"465","<U+25A2> 내년도 정부예산은 30일까지 예결위 심사를 거쳐 12월 1일 본회의를 통과해 확정된다."
"466","<U+25A2> 첨부 사진 참조. 끝."
"467","a 제주특별자치도는 다가오는 한반도 통일시대에 대비하고 청년 통일 지도자로서의 자질 함양과 포용적 통일리더십을 배울 수"
"468","<U+00A0><U+00A0> 있는 기회를 마련하기 위한‘제1회 제주지역「한라-백두」 청년 통일 지도자 양성 아카데미’가 지난 9월 1일 개강식을 시작으로"
"469","<U+00A0><U+00A0><U+00A0> 지난 11월 17일까지 7차 강좌, 북중 접경지역 탐방과 수료식을 끝으로 마무리 되었다고 밝혔다."
"470","<U+F06D>ㅇ 본 아카데미는 제주특별자치도가 주최하고 제주통일미래연구원(이사장 임강자, 원장 고성준)이 주관하였으며, 제주도내 대학"
"471","<U+00A0><U+00A0><U+00A0><U+00A0><U+00A0> <U+00A0>통일 동아리 학생들과 통일 운동 청년 활동가 등 30명이 참가하였다. 그동안 7차의 강좌와 지난 11월 10일부터 13일까지"
"472","<U+00A0><U+00A0><U+00A0><U+00A0><U+00A0><U+00A0><U+00A0> 3박 4일 동안 「한라 청년, 백두를 품다」라는 캐치프레이즈하에 북·중 접경지역도 답사하였다."
"473","<U+F06D>ㅇ 강사진은 북한과 통일 관련 전문가로 구성되었다. 원희룡 제주특별자치도지사, 이영종 중앙일보 통일문화 연구소장, 강동완"
"474","<U+00A0><U+00A0><U+00A0><U+00A0><U+00A0><U+00A0> 부산동아대 교수, 서정하 제주평화연구원장, 고성준 제주통일미래연구원장 등이 「한라 청년들이여, 백두를 품자」, 「북한의 최근"
"475","<U+00A0><U+00A0><U+00A0><U+00A0><U+00A0><U+00A0> 내부정세와 남북통일의 미래상」, 「북중접경지역 5000리길: 문화로 여는 통일」, 「문재인 정부의 통일정책과 주변국 외교」,"
"476","<U+00A0><U+00A0><U+00A0><U+00A0> <U+00A0>「한반도와 제주의 미래가치, 어떻게 준비해야 할까」등을 강의했으며, 참가자들의 질의응답으로 이루어졌다."
"477","<U+F06D>ㅇ 아카데미 수강생 중 제주대 정치외교학과 임예랑 학생은“7번의 강좌는 통일과 북한 문제에 대한 현실적이고 깊이 있는 내용"
"478","<U+00A0><U+00A0><U+00A0><U+00A0><U+00A0><U+00A0> 으로<U+00A0>통일전문가들로부터 통일에 대한 관심도를 높인 깨달음의 시간이었다. 북중접경 탐방을 통해 한반도 통일이 결코 쉽지"
"479","<U+00A0><U+00A0><U+00A0><U+00A0><U+00A0> <U+00A0>않음을 확인했으나, 그렇다고 외면하거나 포기해서는 안되고 우리 미래 세대가 희망을 갖고 노력해야 할 과제라는 것을"
"480","<U+00A0><U+00A0><U+00A0><U+00A0><U+00A0><U+00A0> 확인할 수 있었다”고 소감을 밝혔다."
"481","<U+F06D>ㅇ 고성준 제주통일미래연구원장은“북한의 핵 실험과 장거리 미사일 발사로 한반도 위기감 고조와 남북관계가 경색되고 있는"
"482","<U+00A0><U+00A0><U+00A0><U+00A0><U+00A0><U+00A0> 상황이나, 이럴 때일수록 북한 실체를 균형있게 이해하고 접근하는 자세가 필요하다. 특히 제주지역 청년들에게 통일 희망과"
"483","<U+00A0><U+00A0><U+00A0><U+00A0><U+00A0><U+00A0><U+00A0>관심의 끈을 놓지 않도록 격려해주는 것이 필요하고, 그런 뜻에서 이 프로그램을 실시하게 되었다.”고 언급했다."
"484","<U+00A0> ㅇ제주특별자치도는 세계평화의 섬 제주가 한라-백두라는 상징성 속에서 북한 감귤 보내기 등 남북교류의 선도적인 역할을"
"485","<U+00A0><U+00A0><U+00A0><U+00A0> 해왔고, 앞으로 통일의 주역이 될 미래 제주청년들의 역량 강화를 위해 통일 교육 등을 지속적으로 추진해 나갈 예정이다."
"486","※ 붙 임 : 제1회 한라-백두 청년 통일지도자 양성 아카데미 개요"
"487","ㅁ<U+00A0>연말연시 어려운 이웃을 위해 나눔을 실천하는 따뜻한 사회를 만들기 위한‘희망2018 나눔캠페인’이 20일부터 내년 1월31일까지"
"488","<U+00A0><U+00A0><U+00A0> 73일간의 모금 활동에 돌입한다."
"489","ㅁ 제주특별자치도와 제주사회복지공동모금회(회장 고승화)는 20일 오후 1시 30분 도청 탐라홀에서 출범식을 갖고 희망2018"
"490","<U+00A0><U+00A0><U+00A0> 나눔캠페인을 시작한다고 밝혔다."
"491","ㅁ 이번 출범식에는 원희룡 도지사를 비롯한 김황국 도의회 부의장, 이석문 교육감, 신영민 제주아너소사이어티클럽 회장 등"
"492","<U+00A0><U+00A0><U+00A0> 사회복지 기관<U+2024>단체장, 자원봉사자 등 250여명이 함께 참석할 계획이다."
"493","<U+00A0> ㅇ 원희룡 도지사는 희망2018 나눔캠페인 출범식에 참석해 나눔의 미덕을 강조한다."
"494","<U+00A0> ㅇ 원 지사는 “사랑의 열매 온도탑은 우리 사회 나눔의 바로미터로 기부에 대한 도민의 관심이 커질수록 온도탑 눈금이 가리키는"
"495","<U+00A0><U+00A0><U+00A0> <U+00A0>수치도 상승한다”면서 “도민들의 온기가 더해질수록 제주는 더 나은 방향으로 나아갈 수 있다”는 메시지를 전할 계획이다."
"496","<U+00A0><U+F071> 올해 캠페인의 슬로건은 '나눔으로 행복한 나라'로 캠페인 기간의 모금 목표액은 44억 1,500만원이다."
"497","<U+00A0> ㅇ<U+00A0>이는 지난 해 목표액 40억 원보다 10.4% 증가한 것으로 전년도 모금액 43억 2,897만원을 웃도는 수치이다."
"498","<U+00A0> ㅇ 제주도에서는 도민의 관심과 참여를 유도하고 모금 캠페인 진행상황을 실시간 홍보하기 위해 구 세무서 사거리에 대형"
"499","<U+00A0><U+00A0><U+00A0><U+00A0><U+00A0> 온도탑을 설치한다. 실내 온도탑은 도청 로비에 설치해 도민과 함께 목표액을 달성해 나갈 예정이다."
"500","<U+00A0> ㅇ 사랑의 열매 온도탑 수은주는 모금 목표액 1%인 4,415만원이 올라갈 때마다 1℃씩 올라가며 모금 목표액이 달성되면 100도가"
"501","<U+00A0><U+00A0><U+00A0><U+00A0> <U+00A0>된다."
"502","<U+00A0> ㅇ 모금된 성금 전액은 도내에 거주하고 있는 독거노인, 소년소녀가정, 다문화가정 등 저소득 소외계층의 긴급 생계·의료비와"
"503","<U+00A0><U+00A0><U+00A0><U+00A0> 사회복지시설 및 단체의 지원금 등 도내 사회복지 전 분야에 걸친 지원금으로 사용된다."
"504","ㅁ 도민들은 도내 방송사(CBS, JIBS, KBS, KCTV, MBC)와 제주사회복지공동모금회 모금 접수창구에서 나눔에 동참할 수 있으며,"
"505","<U+00A0><U+00A0><U+00A0> 도내 금융기관, 약국, 읍·면·동주민센터 등에 사랑의 열매 모금함을 통해서도 불우 이웃에 대한 기부를 실천할 수 있다."
"506","<U+00A0> ㅇ 또한 ‘사랑의 전화’ ARS(060-700-0009, 한통화에 3,000원)를 통해서도 기부가 가능하다."
"507","ㅁ<U+00A0> 제26회 한일해협연안 시도현 교류 지사회의 일본국 야마구치현에서 열려"
"508","<U+00A0><U+00A0> <U+274D> 한국의 4개 도시(제주, 부산, 전남, 경남)와 일본의 4개현(후쿠오카, 사가, 나가사키, 야마구치)의 시장 및 지사가 한일해협권의"
"509","<U+00A0><U+00A0><U+00A0><U+00A0><U+00A0> 공동발전 방안을 논의하는 제26회 한일해협연안 시도현 교류 지사회의가 11월 21일, 22일 양일간 일본국 야마구치현에서"
"510","<U+00A0><U+00A0><U+00A0><U+00A0><U+00A0><U+00A0>개최되어 원희룡 제주특별자치도지사 일행이 본 회의에 참가한다.<U+00A0>"
"511","<U+00A0><U+00A0> <U+274D> 이번 회의에서 한일해협권 8개 시장 및 지사들은 회의 공동주제인 각 시도현의 ‘외국인 관광객 유치 시책’에 관한 발표와"
"512","<U+00A0><U+00A0><U+00A0><U+00A0><U+00A0> <U+00A0>토론을 통해 각 지역의 관광객 유치 전략 및 우수 사례 등 관광산업 전반에 걸친 아이디어를 공유하게 된다."
"513","ㅁ 원희룡 제주특별자치도지사는"
"514","<U+00A0><U+00A0> <U+274D> ‘외국인 관광객 유치 시책을 포함한 제주관광의 미래 개척 전략’주제발표를 통해, 관광 인프라 개선 및 관광 콘텐츠 확충에"
"515","<U+00A0><U+00A0><U+00A0><U+00A0><U+00A0><U+00A0> 대한 구체적인 전략과 사례를 설명하고 특히, 제주 관광의 위기관리에 대한 방안들을 강조하여 발표할 계획이다."
"516","ㅁ<U+00A0>한일해협 연안 지역 공동 발전 및 한일 협력 관계 구축 교두보 마련"
"517","<U+00A0><U+00A0> <U+274D> 원희룡 지사를 비롯한 시장 및 지사들은 본 회의를 통해 최근 활발하게 회복세를 보이고 있는 한일 관광 현황과 비전에"
"518","<U+00A0><U+00A0><U+00A0><U+00A0><U+00A0> <U+00A0>관하여 심도 있는 토론을 할 계획이며, 이번 회의를 통해 한일해협 연안 지역의 관광 활성화, 나아가 한일 양국간의 교류와"
"519","<U+00A0><U+00A0><U+00A0><U+00A0> <U+00A0> 협력관계를 구축할 수 있는 기회로 삼을 계획이다."
"520","<U+00A0><U+00A0> <U+274D> 한편, 8개 시도현 시장 및 지사들은 한일해협 연안 지역이 지금까지 이어온 강한 유대와 신뢰관계를 앞으로도 유지하며 보다"
"521","<U+00A0><U+00A0><U+00A0><U+00A0><U+00A0><U+00A0> 많은 성과를 낼 수 있도록 협력할 것을 강조하며, 이번 회의의 테마인‘관광’분야에서의 공동교류 사업을 실시하자는 내용의"
"522","<U+00A0><U+00A0><U+00A0><U+00A0><U+00A0><U+00A0> 공동성명문을 채택할 계획이다."
"523","ㅁ 한편, 올해로 제26회를 맞는 한일해협연안 시도현 교류 지사회의는"
"524","<U+F06D>ㅇ <U+00A0>한일 8개 시도현의 한일해협권 확립과 한일 양 지역 공동번영 및 발전, 한일 지역주민의 삶의 질 제고를 위해 매년 공통"
"525","<U+00A0><U+00A0><U+00A0><U+00A0><U+00A0><U+00A0> 주제를 정하여 시장 및 지사들의 주제발표를 통해 각 시도현 주요시책에 대한 정보교환과 실질적인 교류협력을 위한 과제"
"526","<U+00A0><U+00A0><U+00A0><U+00A0><U+00A0><U+00A0> 발굴에 힘쓰고 있다."
"527","<U+00A0><U+00A0> ㅇ ‘제27회 지사회의’는 2018년 대한민국 부산광역시에서 개최된다."
"528","※ 붙 임 : 한일해협 연안 시도현 교류 지사회의 개요"
"529","<U+F071> 지방분권 모델 완성을 위한 제주특별위원회가 설치된다. <U+F071>"
"530","<U+00A0><U+00A0><U+00A0> 제주특별자치도는 대통령 소속 지방자치발전위원회와 지역발전위원회 산하 ‘제주특별위원회’설치를 위한 업무협약을 10일 오후 4시 도청 4층 대강당에서 체결한다고 밝혔다."
"531","<U+00A0><U+00A0><U+00A0><U+00A0><U+00A0><U+00A0>[<U+00A0>업무협약 체결 개요 ]"
"532","<U+00A0><U+00A0><U+00A0> <U+00A0><U+00A0> <U+274D> 일시/장소 : 2017. 11. 10(금) 16:00, 제주특별자치도청 4층 대강당"
"533","<U+00A0><U+00A0><U+00A0><U+00A0><U+00A0><U+00A0> <U+274D> 협약당사자 : 지방자치발전위원장, 지역발전위원장, 세종특별자치시장, 제주특별자치도지사"
"534","<U+00A0><U+00A0><U+00A0><U+00A0><U+00A0><U+00A0><U+00A0><U+00A0><U+00A0> * 배석 : 특별위원회 위원장(안성호 교수), 부위원장(오영훈 국회의원), 강창일 국회의원, 문대림 대통령비서실 제도개선비서관"
"535","<U+00A0><U+00A0><U+00A0><U+00A0><U+00A0><U+00A0> <U+274D> 주요내용 : 4개기관 제주-세종 특별자치 특별위원회 운영을 위한 업무협약<U+00A0>이는 제주의 지속적인 건의사항이 반영된 것으로,"
"536","<U+00A0><U+00A0><U+00A0><U+00A0><U+00A0><U+00A0><U+00A0><U+00A0><U+00A0><U+00A0><U+00A0><U+00A0><U+00A0><U+00A0><U+00A0><U+00A0><U+00A0><U+00A0><U+00A0><U+00A0><U+00A0><U+00A0><U+00A0><U+00A0>새정부의 지방분권 모델 완성에 대한 의지가 담긴 것으로 풀이된다. <U+F071>"
"537","<U+00A0><U+00A0>특히 제주특별위원회는 제주와 세종의 자치분권과 균형발전에 대한 의제 발굴 및 자문, 연구·조사업무 수행, 추진상황 평가 등을 수행할 것으로 예상하고 있다."
"538","<U+00A0><U+00A0> <U+274D> 앞으로 제주에 적용될 지방분권과 균형발전에 관한 정책은 제주분과위원회에서 논의를 거친 후 지방분권 정책은 지방자치발전위원회로, 균형발전 정책은 지역발전위원회로 바로 상정돼 정부차원에서 보다 심도 있는 논의가 이뤄지는 체계를 갖출 방침이다."
"539","<U+00A0><U+00A0> <U+274D> 참여정부 시절 정부혁신지방분권위원회 내에 제주특별위원회가 구성·운영돼 제주특별자치도의 출범을 지원했지만 제주특별위원회가 해체돼 추진동력이 약화되었다는 아쉬움도 해소될 것으로 전망된다. <U+F071>"
"540","<U+00A0> 현재 도에서는 특별자치도의 헌법적 지위 확보를 위하여 ‘특별자치지방정부’ 설치 근거 및 자치입법권 등 특례를 개헌안에 반영하는 형태로 헌법 개정에 대응중이다."
"541","<U+00A0><U+00A0> <U+274D> 올해 말까지 지방분권 로드맵을 확정하겠다는 정부 계획에 맞춰 제주자치형 지방분권 완성 모델 추진계획을 확정하고 제주특별위원회를 통해 자치권 확대를 본격 논의할 계획이다. <U+F071>"
"542","<U+00A0> <U+00A0>원희룡 도지사는 “새 정부는 제주도와 세종시를 연방제 수준의 자치분권 시범지역으로 선정해 제주특별자치도와 행정중심복합도시를 완성하겠다고 약속한 바 있다”면서 “고도의 자치권을 바탕으로 규제 개혁과 국제적 기준 적용 등을 통해 대한민국 미래 산업을 육성하고 양질의 일자리를 창출함으로써 도민의 복리 증진과 국가 발전을 선도해나가겠다”고 밝혔다. <U+F071>"
"543","<U+00A0><U+00A0> 한편, 제주특별위원회의 공식명칭은 ‘세종-제주 자치분권·균형발전 특별위원회’로 위원장은 대전대학교 안성호교수, 부위원장은 제주지역 오영훈 국회의원(더불어민주당 제주을)이 맡는다."
"544","<U+00A0> <U+274D> 위원회는 제주와 세종에 분과위원회를 두며, 안성호위원장과 오영훈의원이 각각 세종과 제주분과위원회 위원장 역할을"
"545","<U+00A0><U+00A0><U+00A0><U+00A0> 수행한다.<U+00A0>"
"546","<U+00A0><U+00A0><U+274D> 또한 제주지역 위원은 전성태 행정부지사를 당연직으로 하고 학계, 언론계, 사회단체 등 18명으로 구성될 예정이다."
"547","□ 원희룡 제주도지사가 UCLG ASPAC(세계지방정부연합 아시아태평양지부*, 이하 ‘UCLG ASPAC’) 심포지엄 참석차 8일부터"
"548","<U+00A0><U+00A0><U+00A0> 10일까지 중국 푸저우(福州)시를 방문한다."
"549","<U+00A0><U+00A0><U+00A0><U+00A0><U+00A0><U+00A0><U+00A0><U+00A0><U+00A0><U+00A0><U+00A0><U+00A0><U+00A0><U+00A0><U+00A0><U+00A0><U+00A0><U+00A0><U+00A0><U+00A0><U+00A0> <U+00A0><U+00A0><U+00A0><U+00A0> <U+00A0>UCLG ASPAC(세계지방정부연합 아시아태평양지부)"
"550","<U+00A0><U+00A0><U+00A0><U+00A0><U+00A0><U+00A0><U+00A0><U+00A0><U+00A0><U+00A0><U+00A0> <U+25AA> 세계지방정부연합(UCLG) 7개 지부 중 하나"
"551","<U+00A0><U+00A0><U+00A0><U+00A0><U+00A0><U+00A0><U+00A0><U+00A0><U+00A0><U+00A0><U+00A0><U+00A0><U+00A0><U+00A0> (아시아<U+2024>태평양, 아프리카, 유럽, 유라시아, 중동<U+2024>서아시아, 북미, 남미)"
"552","<U+00A0><U+00A0><U+00A0><U+00A0><U+00A0><U+00A0><U+00A0><U+00A0><U+00A0><U+00A0><U+00A0> <U+25AA> 사무국 : 인도네시아 자카르타"
"553","<U+00A0><U+00A0><U+00A0><U+00A0><U+00A0><U+00A0><U+00A0><U+00A0><U+00A0><U+00A0><U+00A0> <U+25AA> 회 원 : 36개국 140여개 지방정부 및 지방정부연합"
"554","<U+00A0><U+00A0><U+00A0><U+00A0><U+00A0><U+00A0><U+00A0><U+00A0><U+00A0><U+00A0><U+00A0> <U+25AA> 원희룡 UCLG ASPAC 회장 연임 (2016.9~2018.9)"
"555","<U+00A0><U+00A0><U+00A0><U+00A0><U+00A0><U+00A0><U+00A0><U+00A0><U+00A0><U+00A0><U+00A0> * 2007년 UCLG 세계총회 제주개최 / 2017년 UCLG 문화정상회의 제주 개최"
"556","□ UCLG ASPAC 회장인 원희룡 도지사는 집행부회의와 이사회 회의를 각각 주재하며, 사무국과 각 지역별 올해 활동 결과를"
"557","<U+00A0> <U+00A0>보고받고 2018년도 활동계획에 대한 안건을 승인한다."
"558","□ 특히 이번 회의에서는 중국 푸저우시가 주최도시로서 ‘해양경제와 도시발전’이라는 주제로 심포지엄을 개최하고,"
"559","<U+00A0><U+00A0><U+00A0> UCLG ASPAC 상임위원회로 승인받은 「21세기 해양협력위원회」가 공식 출범식을 갖는 자리도 마련된다."
"560","<U+00A0><U+00A0><U+00A0><U+00A0><U+00A0><U+00A0><U+00A0><U+00A0><U+00A0><U+00A0><U+00A0><U+00A0><U+00A0><U+00A0><U+00A0><U+00A0><U+00A0><U+00A0><U+00A0><U+00A0><U+00A0><U+00A0><U+00A0><U+00A0><U+00A0><U+00A0><U+00A0><U+00A0><U+00A0> <U+00A0><U+00A0><U+00A0> UCLG ASPAC 심포지엄"
"561","<U+00A0><U+00A0><U+00A0><U+00A0><U+00A0><U+00A0><U+00A0><U+00A0><U+00A0><U+00A0><U+00A0> <U+25AA> 기간 : ‘17. 11. 8 (수) ~ 10 (금)"
"562","<U+00A0><U+00A0><U+00A0><U+00A0><U+00A0><U+00A0><U+00A0><U+00A0><U+00A0><U+00A0><U+00A0> <U+25AA> 장소 : 중국 푸저우 쥐춘위안 컨벤션 호텔"
"563","<U+00A0><U+00A0><U+00A0><U+00A0><U+00A0><U+00A0><U+00A0><U+00A0><U+00A0><U+00A0><U+00A0> <U+25AA> 참가 : UCLG ASPAC 집행부<U+2024>이사회 임원 및 회원 약 150명"
"564","<U+00A0><U+00A0><U+00A0><U+00A0><U+00A0><U+00A0><U+00A0><U+00A0><U+00A0><U+00A0><U+00A0> <U+25AA> 주최/주관 : 푸저우시 / UCLG ASPAC 사무국"
"565","<U+00A0><U+00A0><U+00A0><U+00A0><U+00A0><U+00A0><U+00A0><U+00A0><U+00A0><U+00A0><U+00A0> <U+25AA> 주제 : 해양경제와 도시발전"
"566","<U+00A0> <U+274D> UCLG ASPAC 심포지엄은 해양경제 잠재력을 보유한 아<U+2024>태지역 시<U+2024>도간 해양협력을 강화하고 지속가능한 도시발전과"
"567","<U+00A0><U+00A0><U+00A0><U+00A0> 경제성장을 발전시키는 방안을 논의하고자 개최된다."
"568","<U+00A0> <U+274D> 원희룡 도지사는 9일 오전 심포지엄 개막식 인사말을 통해 아시아태평양지역은 풍부한 해양자원을 보유하고 있어"
"569","<U+00A0><U+00A0><U+00A0><U+00A0><U+00A0><U+00A0>UCLG ASPAC가 지속적으로 추진하고 있는 지속가능한발전목표(SDGs: Sustainable Development Goals)와 시너지를"
"570","<U+00A0><U+00A0><U+00A0><U+00A0> <U+00A0>낼 수 있는 잠재력을 보유하고 있음을 언급할 것으로 예상된다."
"571","<U+00A0> <U+274D> 이어 원 지사는 아태지부 회장 자격으로 「21세기 해양협력위원회 출범식」에 참가해 해양협력위원회를 UCLG ASPAC의"
"572","<U+00A0><U+00A0><U+00A0><U+00A0> <U+00A0>상임위로 승인하는 인증패를 해양협력위원회 위원장인 유멍쥔(尤猛軍) 푸저우 시장에게 수여할 예정이다."
"573","<U+00A0> <U+274D> 「21세기 해양협력위원회」는 2017년 상반기 필리핀 카트발로간 집행부회의에서 승인된 UCLG ASPAC 상임위원회로,"
"574","<U+00A0><U+00A0><U+00A0><U+00A0><U+00A0> 중국 푸저우시에 사무국이 소재하고 있다."
"575","□ 원희룡 지사는 이번 집행부 회의 및 이사회, 심포지엄 참가를 통해 아<U+2024>태지역의 전략적 중요성과 함께 UCLG ASPAC 회원 간"
"576","<U+00A0><U+00A0><U+00A0> 네트워크를 강조하며, 21세기 해양경제시대에 거점 역할을 주도할 것을 독려할 계획이다."
"577","※첨부파일 참고바랍니다."
"578","□ 제주특별자치도(도지사 원희룡)는 범국가적 총력 재난대응체계를 확립하고 골든타임 내 국민생명을 최우선적으로 보호하기 위한 ‘2017 재난대응 안전한국훈련’을 오는 10월 30일부터 11월3일까지 5일간 도 일원에서 실시한다고 밝혔다."
"579","□ 재난대응 안전한국훈련은 「재난 및 안전관리 기본법 제35조」에 따라 실시하는 범국가적 재난대응 종합훈련으로 행정안전부 주관으로 2005년부터 매년 1회씩 실시되고 있고 2015년부터는 현장훈련 강화를 위해 5일간 진행되고 있다."
"580","<U+274D> 이번 훈련은 중앙부처, 도, 행정시, 해경, 경찰, 군, 소방, 민간단체 및 도민이 참여하는 민관군 통합 훈련으로 지역별<U+FF65>분야별 특성에 맞게 발생 가능한 재난유형을 성정하여 토론기반훈련과 현장훈련을 실시한다."
"581","<U+00A0><U+00A0> □ 이번에 실시하는 재난대응 안전한국훈련은 골든타임 내 주민생명을 최우선적으로 보호하기 위해"
"582","<U+00A0><U+00A0><U+00A0><U+00A0><U+00A0> 실전 초동 대처역량이 발휘 될 수 있도록 현장중심 실행기반훈련을 실시하고, 주민과 함께하는 체감형훈련을 통해"
"583","<U+00A0><U+00A0><U+00A0><U+00A0><U+00A0> 안전문화 확산에 기여토록 추진해 나갈 계획이다."
"584","<U+00A0><U+00A0><U+00A0> <U+274D> 특히, 세월호사고, 9.12 지진 등 대형재난 발생이후 안전에 대한 도민의 관심이 높아지는 분위기를 감안하여,"
"585","<U+00A0><U+00A0><U+00A0><U+00A0><U+00A0><U+00A0><U+00A0> 어린이 스스로 기획<U+FF65>실행하는 재난안전훈련, 도내 재난관련 학과 대학생으로 구성된 도민 체험단 운영 등 국민체감훈련을"
"586","<U+00A0><U+00A0><U+00A0><U+00A0><U+00A0><U+00A0><U+00A0> 대폭 확대하여 도민 스스로 재난대처 역량 향상에 중점을 두고 있다."
"587","<U+00A0> □ 재난대응 안전한국훈련 일자별 주요 훈련내용은"
"588","<U+00A0><U+00A0><U+00A0> <U+274D> 훈련 1일차인 10월 30일 오후 2시에는 도 주관으로 서귀포항 일대에서"
"589","<U+00A0><U+00A0><U+00A0><U+00A0><U+00A0><U+00A0><U+00A0> 주요 협업기능 관련부서와 유관기관<U+FF65>단체 300여명이 참여하는 태풍 내습 피해를 가정한 실제 현장 대응조치 훈련인"
"590","<U+00A0><U+00A0><U+00A0><U+00A0><U+00A0><U+00A0><U+00A0> 태풍으로 인한 복합재난 대응 통합 현장훈련을 실시한다."
"591","<U+00A0><U+00A0><U+00A0><U+00A0><U+00A0><U+00A0><U+00A0> - 특히, 통합현장훈련은 도, 행정시, 해경, 해군, 해병, 소방, 지역자율방재단 등과 연계한"
"592","<U+00A0><U+00A0><U+00A0><U+00A0><U+00A0><U+00A0><U+00A0><U+00A0><U+00A0> 민<U+FF65>관<U+FF65>군 간 협업 공조체계 구축에 중점을 두고 원희룡 도지사가 직접 현장훈련을 지휘한다."
"593","<U+00A0><U+00A0> <U+274D> 훈련 3일차인 11월 1일에는 제주시 주관으로 노형동 소재 제주 농협 하나로 유통센터에서"
"594","<U+00A0><U+00A0><U+00A0><U+00A0><U+00A0><U+00A0><U+00A0> 국민참여형 훈련으로 제주시, 동부소방서, 제주보건소, 지역자율방재단 등이 참여하여"
"595","<U+00A0><U+00A0><U+00A0><U+00A0><U+00A0><U+00A0><U+00A0><U+00A0> 다중이용시설 대형화재 주민대피 현장 대응훈련이 이뤄진다"
"596","<U+00A0><U+00A0> <U+274D> 훈련 4일차인 11월 2일에는 서귀포시 주관으로 모슬포 남항일대에서"
"597","<U+00A0><U+00A0><U+00A0><U+00A0><U+00A0><U+00A0><U+00A0> 서귀포시, 서부소방서, 서귀포보건소, 지역자율방재단 등이 참여하여 지진(해일)에 따른"
"598","<U+00A0><U+00A0><U+00A0><U+00A0><U+00A0><U+00A0><U+00A0> 지역주민 참여형 현장 대피훈련이 추진된다."
"599","<U+00A0> □ 제주특별자치도 문원일 도민안전실장은"
"600","<U+00A0><U+00A0><U+00A0> <U+274D>“실제 재난상황에 기반한 안전한국훈련을 실시함으로써 재난대응체계 전반을 재점검하고"
"601","<U+00A0><U+00A0><U+00A0><U+00A0><U+00A0><U+00A0><U+00A0><U+00A0> 실전 대응역량을 높여 최선을 다해 도민의 생명과 재산을 지켜 나가겠다”고 밝혔다."
"602","□ 제주특별자치도 문화예술진흥원(원장 현행복)과 제주도립무용단에서는 오는 21일과 22일 양일간 문예회관 대극장에서 제주 신화에 나오는 사랑과 농경의 신 「자청비」를 상설 공연으로 무대에 올린다.
○ 이번 공연은 제주도립무용단에서 제주특색을 살린 작품을 개발해 향후 관광객 유치 및 야간 볼거리 관광 상품으로 지속적으로 공연할 계획으로 추진하는 것으로
○ 오는 10월 21일(토) 19:30, 10월 22일(일) 15:00, 11월 17일(금) 19:30, 12월 07일(목) 19:30로 문예회관 대극장에서 총 4회의 공연이 펼쳐진다.
□ 상설공연 「자청비」는 제주신화 세경본풀이를 춤으로 선보이는 작품으로, 38명의 파워플하고 에너제틱한 남녀무용수의 군무에 최신식 홀로그램을 접목해 이목을 끌고 있다.
○ 현행복 문화예술진흥원장은 “일상에서 늘 본풀이를 듣고 생활하던 제주여성들의 상상력이 현대 사회에서 꿈과 소망으로 전승되길 바라는 마음으로 이번 공연을 마련했다”며 “시공간을 초월한 스토리 전개가 관람객들의 사랑을 받을 수 있기를 바란다”고 밝혔다.
○ 공연을 기획한 손인영 안무자도 “현실을 초월해 상상의 세계 속에서 비춰진 자청비라는 캐릭터를 춤선으로 마음껏 표현했다”며 “깊어가는 가을 밤 관광객의 즐거움을 제공하기 위해 마지막 공연까지 최선을 다하겠다”고 전했다.
□ 문화예술진흥원은 제주의 정체성을 표현한 이번 공연을 통해 한국 춤의 저변 확대는 물론 글로벌 콘텐츠의 완성을 위해 무용이라는 장르에 다양한 융복합을 접목함으로써 새로운 시너지 창출을 꿈꾸고 있다.
□ 한편, 22일 오후 3시부터 진행되는 자청비 공연에는 원희룡 도지사도 함께 참석해 공연을 관람하고 도립무용단원을 격려할 예정이다.
▷ 행사명: 제주도립무용단 상설공연 「자청비」
▷ 일 시: 4회(10. 21(토) 19:30 / 10. 22(일) 15:00 / 11. 17(금) 19:30 / 12. 7(목) 19:30)
▷ 장 소: 문예회관 대극장
▷ 주 최: 제주특별자치도 문화예술진흥원
▷ 내 용
제주도립무용단 상설공연 「자청비,自請妃」는 제주도를 대표하는 여신이자 농사의 풍흉을 다스리는 신에 대한 내용으로. 원래는 인간 세상의 소녀였지만 씩씩하게 운명을 개척해 나간 자청비의 재치와 활약을 통해 능동적인 여인상을 그린 제주도립무용단 창작작품 공연이다."
"603","<U+F071> 국내에서 최초로 열리는 PGA투어(미국프로골프투어) 정규대회인<THE CJ CUP @ NINE BRIDGES>가 오늘부터 본격적인 시작에 들어간다."
"604","<U+274F> THE CJ CUP은 10. 16(월)부터 22(일)까지 나인브릿지에서 개최되며 이 대회 참가를 위해 지난 15일에는 前 세계랭킹 1위인 제이슨 데이(호주)가 입국하고, 오늘 새벽에는 전세기를 통해 저스틴 토머스(미국) 등 세계적인 선수들이 제주를 방문하면서 대회 열기를 한층 끌어 올리고 있다."
"605","<U+274F> 본 라운드가 시작되는 19일 이전에는 이벤트가 진행된다."
"606","<U+3007> 오늘은 28팀 112명이 참가하는 Monday 프로암이, 17일에는 공식연습과 기자회견이, 18일에는 44팀 176명이 참가하는 공식프로암 대회가 개최된다."
"607","<U+3007> 본 라운드는 10월 19일부터 22일까지 4일간 78명의 국내외 선수들이 참가한 가운데 컷 오프 없이(스트로크 플레이) 진행된다."
"608","▶ 대회 일정"
"609","10.16(월)"
"610","10.17(화)"
"611","10.18(수)"
"612","10.19(목)"
"613","10.20(금)"
"614","10.21(토)"
"615","10.29(일)"
"616","선수도착&"
"617","월요프로암"
"618","공식연습일& 기자회견"
"619","본대회1R"
"620","본대회2R"
"621","본대회3R"
"622","본대회4R"
"623","(시상식)"
"624","<U+274F> 대회 관람 티켓은 「THE CJ CUP @ NINE BRIDGES」공식 홈페이지(thecjcup.com)을 통해 구입하면 되고, 제주도민에게는 50% 할인 혜택이 주어진다."
"625","☞ REGULAR (1 DAY)"
"626","1ST ROUND"
"627","2ND ROUND"
"628","3RD ROUND"
"629","FINAL ROUND"
"630","20,000원"
"631","60,000원"
"632","60,000원"
"633","100,000원"
"634","100,000원"
"635","☞ THE PAVILION"
"636","1ST ROUND"
"637","2ND ROUND"
"638","3RD ROUND"
"639","FINAL ROUND"
"640","150,000원"
"641","150,000원"
"642","200,000원"
"643","200,000원"
"644","<U+274F> 또한 셔틀버스 운행은 제주공항과 서귀포 월드컵 경기장에서 갤러리 주차장까지 17일과 대회기간 동안 운행된다."
"645","운행 구간"
"646","운행 시간(간격)"
"647","10/17"
"648","10/19~22"
"649","제주공항 주차장(11C)"
"650","↔ 갤러리주차장"
"651","*갤러리 주차장에서 대회장으로 환승"
"652","08:00 ~ 18:00 (30분)"
"653","일반 갤러리"
"654","서귀포 월드컵 경기장"
"655","↔ 갤러리주차장"
"656","*갤러리 주차장에서 대회장으로 환승"
"657","06:30 ~ 18:00 (30분)"
"658","갤러리 주차장 ↔ 대회장"
"659","*만차 시 배차 간격 없이 운행"
"660","06:30 ~ 18:00 (30분)"
"661","<U+274F> 제주특별자치 원희룡 지사는 17일 저녁 갈라디너에 참석하여 대회를 위해 최선의 준비를 해 준 PGA투어 및 CJ 관계자들에 대한 감사와 함께 참가선수들에게 환영과 응원의 메시지를 전달할 예정이다."
"662","ㅁ 사드 이후 냉각된 한중 관계의 우호 분위기 조성을 위해 원희룡 도지사가 손을 내밀었다."
"663","ㅁ 중화인민공화국 주제주 총영사관 주최로 중화인민공화국 건국 68주년 경축 연회가 27일 저녁 제주시 메종글래드 호텔에서"
"664","<U+00A0><U+00A0><U+00A0> 열릴 예정인 가운데 원희룡 도지사가 참석 의사를 밝혔다."
"665","<U+F0A6>ㅇ 이날 경축 연회에는 펑춘타이(馮春臺) 총영사와 한·중 우호단체 인사 등 2백여 명이 함께 참석할 예정으로 한-중 양국의"
"666","<U+00A0><U+00A0><U+00A0><U+00A0><U+00A0><U+00A0> 분위기 완화를 위해 도내 기관장을 비롯한 주요 인사들이 함께 나선 것으로 풀이된다."
"667","ㅁ 특히 이날 행사에서 펑춘타이 총 영사는 한국어로 기념사를 하고, 원희룡 도지사는 중국어로 축사를 전하며 제주와 중국의"
"668","<U+00A0><U+00A0><U+00A0> 인연을 강조할 계획이다."
"669","<U+F0A6> ㅇ 원 지사는 “인류의 평화와 공동번영을 향한 국제사회에서 중국의 역할과 기대는 갈수록 커지고 있다”며 “제주와 중국은"
"670","<U+00A0><U+00A0><U+00A0><U+00A0><U+00A0><U+00A0><U+00A0> 문화예술, 스포츠, 청소년 등 다양한 분야에서 교류 협력을 이어오고 있으며 앞으로도 한중 양국의 더 큰 발전을 이끌어낼"
"671","<U+00A0><U+00A0><U+00A0><U+00A0><U+00A0><U+00A0><U+00A0> 기반을 조성해나갈 수 있도록 노력하겠다”는 의지를 밝힌다."
"672","ㅁ 한편 제주도는 2015 한·중 인문교류테마도시, 2016 동아시아 문화도시에 선정되며 한중 인문 교류 확대에 힘을 쏟고 있다."
"673","<U+00A0><U+00A0> ㅇ 지난 탐라문화제에서는 동아시아 문화도시 닝보(寧波)와 취안저우(泉州)가 참석했으며, 제5회 제주 중한우호축제에서도"
"674","<U+00A0><U+00A0><U+00A0><U+00A0><U+00A0><U+00A0> 제주와 중국 서예가가 교류전을 펼치고 후난(湖南)예술단이 다채로운 문화 공연을 선보인 바 있다."
"675","<U+00A0><U+00A0> ㅇ 또, 오는 11월에는 제주 교류도시 청소년을 초청하는 제8회 제주국제청소년 포럼에 중국 자매우호도시 청소년들이 함께하며"
"676","<U+00A0><U+00A0><U+00A0><U+00A0><U+00A0> 문화 청소년 교류를 통한 공공 외교를 활발히 추진할 방침이다."
"677","<U+00A0>※ 행사 개요"
"678","<U+F06D> ㅇ 일 시 : 2017. 9. 27(수) 18:30 ~ 20:00"
"679","<U+F06D> ㅇ 장 소 : 제주시 메종글래드호텔 1층 컨벤션홀"
"680","<U+F06D> ㅇ 초청 대상 : 도내 주요 기관·단체 관계자 200 여명"
"681","<U+F06D> ㅇ 주최/주관 : 주제주 중국총영사관(총영사 펑춘타이(馮春臺))"
"682","<U+00A0><U+00A0><U+00A0> ㅇ 진행순서"
"683","<U+F071><U+00A0><U+00A0><U+00A0><U+00A0><U+00A0><U+00A0><U+00A0><U+00A0><U+00A0><U+00A0><U+00A0><U+00A0><U+00A0><U+00A0><U+00A0><U+00A0><U+00A0> 시<U+00A0><U+00A0> 간<U+00A0><U+00A0><U+00A0><U+00A0><U+00A0><U+00A0><U+00A0><U+00A0><U+00A0><U+00A0><U+00A0><U+00A0><U+00A0><U+00A0><U+00A0><U+00A0><U+00A0><U+00A0><U+00A0><U+00A0><U+00A0><U+00A0><U+00A0><U+00A0><U+00A0><U+00A0><U+00A0><U+00A0>내<U+00A0><U+00A0><U+00A0><U+00A0><U+00A0><U+00A0><U+00A0><U+00A0><U+00A0><U+00A0> 용"
"684","<U+00A0><U+00A0><U+00A0><U+00A0><U+00A0><U+00A0><U+00A0><U+00A0><U+00A0><U+00A0><U+00A0><U+00A0><U+00A0><U+00A0><U+00A0><U+00A0> 18:30~19:00<U+00A0><U+00A0><U+00A0><U+00A0><U+00A0><U+00A0><U+00A0><U+00A0><U+00A0><U+00A0><U+00A0><U+00A0><U+00A0><U+00A0><U+00A0><U+00A0><U+00A0><U+00A0> 식전 홍보동영상 상영"
"685","<U+00A0><U+00A0><U+00A0><U+00A0><U+00A0><U+00A0><U+00A0><U+00A0><U+00A0><U+00A0><U+00A0><U+00A0><U+00A0><U+00A0><U+00A0><U+00A0><U+00A0><U+00A0><U+00A0><U+00A0><U+00A0><U+00A0><U+00A0><U+00A0><U+00A0><U+00A0><U+00A0><U+00A0><U+00A0><U+00A0><U+00A0><U+00A0><U+00A0><U+00A0><U+00A0><U+00A0><U+00A0><U+00A0><U+00A0><U+00A0><U+00A0><U+00A0><U+00A0><U+00A0><U+00A0><U+00A0><U+00A0><U+00A0><U+00A0><U+00A0><U+00A0> 중국, 한국 국민의례, 국가연주"
"686","<U+00A0><U+00A0><U+00A0><U+00A0><U+00A0><U+00A0><U+00A0><U+00A0><U+00A0><U+00A0><U+00A0><U+00A0><U+00A0><U+00A0><U+00A0><U+00A0><U+00A0><U+00A0><U+00A0><U+00A0><U+00A0><U+00A0><U+00A0><U+00A0><U+00A0><U+00A0><U+00A0><U+00A0><U+00A0><U+00A0><U+00A0><U+00A0><U+00A0><U+00A0><U+00A0><U+00A0><U+00A0><U+00A0><U+00A0><U+00A0><U+00A0><U+00A0><U+00A0><U+00A0><U+00A0><U+00A0><U+00A0><U+00A0><U+00A0><U+00A0><U+00A0> 주요내빈 소개"
"687","<U+00A0><U+00A0><U+00A0><U+00A0><U+00A0><U+00A0><U+00A0><U+00A0><U+00A0><U+00A0><U+00A0><U+00A0><U+00A0><U+00A0><U+00A0><U+00A0><U+00A0><U+00A0><U+00A0><U+00A0><U+00A0><U+00A0><U+00A0><U+00A0><U+00A0><U+00A0><U+00A0><U+00A0><U+00A0><U+00A0><U+00A0><U+00A0><U+00A0><U+00A0><U+00A0><U+00A0><U+00A0><U+00A0><U+00A0><U+00A0><U+00A0><U+00A0><U+00A0><U+00A0><U+00A0><U+00A0><U+00A0><U+00A0><U+00A0><U+00A0><U+00A0> 기념사(총영사)"
"688","<U+00A0><U+00A0><U+00A0><U+00A0><U+00A0><U+00A0><U+00A0><U+00A0><U+00A0><U+00A0><U+00A0><U+00A0><U+00A0><U+00A0><U+00A0><U+00A0><U+00A0><U+00A0><U+00A0><U+00A0><U+00A0><U+00A0><U+00A0><U+00A0><U+00A0><U+00A0><U+00A0><U+00A0><U+00A0><U+00A0><U+00A0><U+00A0><U+00A0><U+00A0><U+00A0><U+00A0><U+00A0><U+00A0><U+00A0><U+00A0><U+00A0><U+00A0><U+00A0><U+00A0><U+00A0><U+00A0><U+00A0><U+00A0><U+00A0><U+00A0><U+00A0> 축사(제주도지사)"
"689","<U+00A0><U+00A0><U+00A0><U+00A0><U+00A0><U+00A0><U+00A0><U+00A0><U+00A0><U+00A0><U+00A0><U+00A0><U+00A0><U+00A0><U+00A0> <U+00A0>19:00~20:00<U+00A0><U+00A0><U+00A0><U+00A0><U+00A0><U+00A0><U+00A0><U+00A0><U+00A0><U+00A0><U+00A0><U+00A0><U+00A0><U+00A0><U+00A0><U+00A0><U+00A0><U+00A0> 만찬(스탠딩 뷔페)"
"690","<U+F071> 제주특별자치도(도지사 원희룡)는 제주국제자유도시개발센터(이사장 이광희 이하 JDC)와 오는 9월 29일(금) 도청 삼다홀에서 제주 환경가치 증진을 위한 업무협약을 체결한다."
"691","<U+274D> 제주도에 따르면, 이번 협약은 동북아 환경수도 육성과 친환경 국제자유도시 조성을 위한 행, 재정적 지원을 통해 지역경제 발전에 기여하는 것을 목적으로 하고 있다."
"692","<U+F071> 이번 협약을 통해, 양 기관은 우선 폐유리 자원화사업을 시작으로 폐오일, 폐타이어 등의 제조설비와 플랜트를 구축하는“Up-Cycling Cluster”를 조성하여 폐기물 재활용 기술개발 사업을 중점 추진하는 등 우리 제주도를 자원 순환형 사회로 구축해 나가는데 긴밀하게 협업해 나갈 방침이다."
"693","※ Up-Cycling : Recycling 의 상위개념으로 재활용차원을 넘어 새로운 가치를 더하는(upgrade)개념"
"694","<U+274D> 이와 아울러 UN환경대학원 유치, 환경문화예술 사업 등 환경 정책 및 교육 사업, 제주형 환경자산 및 국가정원 조성 등 자연·산림 환경자원 보전<U+2024> 육성사업에도 행, 재정적 지원을 강화할 계획이다."
"695","<U+F071> 김양보 제주특별자치도 환경보전국장은 금번 체결되는 JDC와의 환경분야 업무 협약이 제주 지역경제 발전과 더불어 제주가 동북아 환경수도로 나아가는데 크게 이바지 할 것으로 기대한다고 밝혔다."
"696","원 지사 “도내 중소기업 성장 기반 만들 것”"
"697","- 추석맞이 제주신용보증재단 방문… 자영업자 운영자금 지원 상황 점검 -"
"698","<U+F071> 민족 최대 명절인 추석을 앞두고, 원희룡 제주특별자치도가 21일 오후 2시 제주신용보증재단을 방문해 도내 자영업자 긴급 운영자금 지원 상황을 점검했다."
"699","<U+F071> 이날 원 지사는 도내 기업들의 보증 편의 지원을 위해 비상지원체계에 돌입한 제주신용보증재단 중소기업 지원 담당자들을 격려하고, 자금 지원 상담을 희망하는 자영업자들과 만나 경영 운영 상황과 필요 자금 규모 등을 청취했다."
"700","<U+274D> 원 지사는 “기술력과 성장 잠재력은 있으나 담보력이 부족해 자금 조달에 어려움을 겪고 있는 도내 중소기업과 소상공인의 보증 편의 지원을 위해 더욱 노력해달라”며 “앞으로 내실이 튼튼한 도내 중소기업들이 더 큰 기업으로 성장할 수 있는 기반을 마련하도록 도에서도 열심히 지원하겠다”고 밝혔다."
"701","<U+274D> 이어 “보증이나 자금만 지원하면 되는 문제가 아니라 제한된 시장에서 1차 산업이나 관광 분야 등 특정 분야에 치우치거나 나눠먹기가 되지 않도록 성공의 경험을 공유하거나 한국 경제 동향에 대한 선제적인 지표 관리 및 실질적인 동향 파악이 중요하다”며, 이를 위해 “대출이나 보증에 대한 데이터를 기반으로 도내 소상공인들과 함께 논의하는 간담회를 진행해 경제 주체들이 경험을 공유하고 성공의 여건을 넓혀나갈 수 있는 기회를 적극적으로 모색하겠다”고 덧붙이기도 했다."
"702","<U+F071> 한편, 현재 제주신용보증재단에서는 비상지원체계를 가동해 일시적인 자금부족, 임금 체불 등으로 어려움을 겪고 있는 자영업자들의 지원하기 위해 지난 13일부터 오는 29일까지 200억 원을 투입해 긴급운영자금을 지원 중이다."
"703","<U+274D> 특히, 이 기간 동안에는 소액심사 기준액을 기존 2천만 원에서 3천만 원으로 상향 조정하고 보증처리기간을 기존 7일에서 상담 후 익일 지원으로 신속하게 보증서비스를 지원하며 자영업자들의 호응을 얻고 있다."
"704","<U+274D> 또한 동문재래시장을 비롯한 전통시장에서 1인 영세기업을 위한 찾아가는 이동 상담실 서비스와 야간예약 상담제도 진행 중이다."
"705","<U+2751> 앞으로 제주특별자치도는 올해 연말까지 2,300억 원을 추가로 투입해 도내 사업장 소재 중소기업 43개 지원 대상 업종에 경영 안정 자금을 집중 지원할 계획이다."
"706","□<U+00A0>「제22회 제주특별자치도 여성대회」가 22일 설문대여성문화센터에서 개최된다."
"707","<U+00A0><U+274D> 도내 여성 지도자들의 상호교류와 협력을 통해 지역 사회에서의 위상 정립과 자부심을 고취하기 위해 마련된 이번 대회는 ‘행복한 제주, 건강한 여성이 만든다’라는 주제로 오후 1시부터 오후 5시까지 진행된다."
"708","□<U+00A0>제주특별자치도가 주최하고, 도여성단체협의회(회장 고복신)가 주관하는 이번 대회는 제주도 여성단체 관계자 및 여성 지도자 등 4백여 명의 도민이 함께 참석할 예정이며 기념식을 시작으로 여성단체의 활동 사항을 공유하고, 이완국 행복한 쉼터대표의 특별 강연이 이어진다."
"709","<U+00A0><U+274D> 원희룡 도지사는 기념식에 함께 참석해 “제주형 생활체감정책인 ‘제주처럼’을 시행하며 제주형 육아, 일과 가정의 양립, 맞춤형 여성일자리 창출 등 여성이 행복한 문화 조성을 위해 노력하고 있다”며 “앞으로 일과 가정의 양립을 위한 여건을 조성하며 제주의 구성원 모두가 공존할 수 있는 제주사회를 만들겠다”는 메시지를 전할 계획이다."
"710","<U+00A0><U+274D> 여성대회 기념식에서는 유공자 표창도 진행된다."
"711","□<U+00A0>특히 올해 여성대회에서는 각 단채별 부스 운영을 통해 정책을 홍보하는 자리도 마련된다. ▲나눔 문화 확산 및 우리 농산물 이용 ▲쓰레기 분리배출 등을 통한 청정 제주 지키기 ▲대중교통체계 개편에 따른 홍보활동 등의 다양한 홍보 부스 운영을 통해 사람과 문화, 자연이 공존하는 제주지킴이에 지역 여성들의 참여를 도모할 계획이다."
"712","<U+00A0><U+274D> 이번 행사를 주관한 제주특별자치도여성단체연합회 고복신 회장은 “이번 제주여성대회를 통해 도내 여성계의 힘을 한데 모으고, ‘행복한 제주, 건강한 여성이 이끈다’라는 주제와 같이 좀 더 나은 제주 만들기에 여성들이 힘을 모아 앞장설 것을 결의하는 뜻깊은 자리가 될 것으로 기대한다”고 밝혔다."
"713","□<U+00A0>한편, 제주특별자치도여성단체협의회는 여성들의 역량 강화와 저출산 극복, 여성과 남성을 넘어 구성원 모두가 아름답게 공존하는 제주를 만들어 나가는데 동참하고 있다."
"714","※ 제22회 제주특별자치도 여성대회 행사 개요"
"715","○ 일시: 2017. 9. 22(금) 13:30~17:00 ※ 개막식: 2017. 9. 22(금) 14:00"
"716","○ 장소: 설문대여성문화센터"
"717","○ 주최·주관: 제주특별자치도 여성단체협의회(회장 고복신)"
"718","○ 참석 대상: 여성지도자 등 400여명"
"719","2017년 해외바이어 수출상담회 성황리에 개최!"
"720","- 해외바이어 46개사, 도내 기업 51개사 참여 열띤 수출상담 ! -"
"721","<U+F071> 제주특별자치도가 주최하고 제주경제통상진흥원과 KOTRA 제주사무소가 공동주관하는 2017 해외바이어 초청 수출상담회가 해외 바이어 및 도내 수출기업의 열띤 참여 속에 성공적으로 개최되었다."
"722","- 2017 해외바이어초청 수출상담회 개요 -"
"723","- 운영기간 : 2017. 9. 18(월) ~ 9. 20(수)"
"724","- 장 소 : 메종글래드(1층 컨벤션홀)"
"725","- 대행기관 : 제주경제통상진흥원/예산액 150백만원"
"726","- 참 여 : 해외바이어(46개사), 도내업체(51개사), 해외통상자문관 등 150명"
"727","<U+F071> 이번 수출상담회는 중국, 일본, 홍콩, 베트남을 비롯한 9개국 46개사 바이어와 도내 수출기업 51개사가 참가해 제주에서 생산하는 농수산물, 가공식품, 화장품 등에 대한 1:1 수출상담으로 운영되었다."
"728","<U+274D> 해외바이어 발굴 방법 KOTRA 해외무역관 중심에서 기업추천 방식을 가미하는 등 다양화했고, 해외바이어에게 제주기업의 상품정보를 사전에 제공함으로써 제주기업과 상품의 현지 시장성을 사전에 심층 검토할 수 있도록 함으로써 협약 가능성을 높이는 데 중점을 두어 운영하고"
"729","<U+274D> 특히 해외 바이어의 신용도<U+FF65>수입이력을 사전에 분석하여 유력바이어를 선별 모집, 단순 참가 바이어를 차단하여 성공적인 수출협약으로 이어지도록 체계적 운영시스템을 정비했다."
"730","※ 2014~2017 해외바이어 초청 수출상담회 규모"
"731","초청 바이어"
"732","8개국 41개사"
"733","9개국 40개사"
"734","7개국 40개사"
"735","<U+274D> 또한 수출 상담회장 내 대형 스크린 설치를 통해 수출기업과 바이어, 행사 관계자가 현장상황을 실시간으로 모니터링하고 공유할 수 있도록 하는 등 수출상담회 운영방식을 개선하여 참여기업과 바이어에게 큰 호응을 얻었으며,"
"736","<U+274D> 아울러 중국, 일본, 동남아 등 국가별로 위촉된 해외통상자문관(6개국에 6명)과 KOTRA 제주사무소 전문위원(2명)이 참여하여 수출기업이 진출하고자 하는 국가의 현지 시장상황이나 바이어, 통관 절차 등에 대한 실질적인 노하우를 알려주고 도움을 주었다."
"737","<U+274D> 원희룡 제주특별자치도지사는 행사장을 방문하여 수출기업을 격려하고 해외 바이어들에게는 청정 제주상품의 우수성 홍보하는 등 혼신의 힘을 기울였다."
"738","<U+274F> 김현민 경제통상일자리국장은"
"739","<U+274D> “수출상담회가 해를 거듭함에 따라 기업의 건의사항을 반영한 내실 있는 행사로 준비하려 노력하고 있고, 상담에 나서는 도내 수출기업들 또한 인식이 많이 향상되고 있다”며 “ 이번 상담회에서 최대한의 성과를 이끌어 내었는데, 향후 후속지원을 통해 발굴된 바이어와 수출기업이 지속적인 관계유지를 지원하고 최종적인 계약과 수출로 이어지는 것이 중요하다”고 하면서 이를 위해 주관사, 해외마케팅 전문기업 등과 협의하여 지속적인 마케팅을 진행해 나갈 예정이라고 밝혔다."
"740","<U+00A0><U+00A0>ㅁ 제주특별자치도는 올해 42회째를 맞는 「민방위대 창설기념행사」를 처음으로 자체 계획을 수립하여 개최한다고 밝혔다."
"741","<U+00A0><U+00A0><U+00A0><U+00A0><U+00A0> <U+274D> 오는 9월 26일(화) 오후 3시 제주시 시민회관에서 열리는 민방위대 창설 기념행사는, 민방위대원의 자긍심을 고취하고,"
"742","<U+00A0><U+00A0><U+00A0><U+00A0><U+00A0><U+00A0><U+00A0><U+00A0> 생활속의 민방위 구현으로 도민의 안전을 다짐하는 장으로서 지금까지는 정부차원에서 개최하였다."
"743","<U+00A0><U+00A0>ㅁ <U+00A0>올해 창설기념행사는 도 주관행사로써 민방위대원의 역할을 보여주는, 도민참여의 장으로 열리게 된다."
"744","<U+00A0><U+00A0><U+00A0><U+00A0><U+00A0> <U+274D> 식전행사로는 직장민방위대원, 읍·면·동단위 지역 민방위대원, 지원여성 민방위대 등 총 12개 팀이 참가하여"
"745","<U+00A0><U+00A0><U+00A0><U+00A0><U+00A0><U+00A0><U+00A0><U+00A0><U+00A0><U+00A0> 방독면 착용, 심폐소생술, 환자 응급처치 등 3개 종목에서 민방위대원들의 그동안이 숨은 노력들을 보여주는,"
"746","<U+00A0><U+00A0><U+00A0><U+00A0><U+00A0><U+00A0><U+00A0><U+00A0><U+00A0><U+00A0> 열띤 경연이 펼쳐질 것으로 예상된다."
"747","<U+00A0><U+00A0><U+00A0><U+00A0> <U+274D> 창설기념 공식행사는 원희룡 제주특별자치도지사를 비롯한 도의회 신관홍 의장, 해병대 제9여단장,"
"748","<U+00A0><U+00A0><U+00A0><U+00A0><U+00A0><U+00A0><U+00A0><U+00A0><U+00A0> 재난 안전관련 유관기관단체장과 민방위대원 등 500여명을 모시고 유공자 포상, 기념사, 민방위대원의 신조 낭독 및"
"749","<U+00A0><U+00A0><U+00A0><U+00A0><U+00A0><U+00A0><U+00A0><U+00A0> <U+00A0>민방위대원에<U+00A0><U+00A0>대한 격려가 있을 예정이다."
"750","<U+00A0><U+00A0><U+00A0><U+00A0> <U+274D> 부대행사로 안보의식 고취를 위한 안보사진 및 장비전시회도 가진다."
"751","<U+00A0><U+00A0><U+00A0><U+00A0> <U+274D> 아울러 제주자치도가 행정안전부 주관으로 실시된 2017년 전국 광역지자체의 민방위 역량강화 및"
"752","<U+00A0><U+00A0><U+00A0><U+00A0><U+00A0><U+00A0><U+00A0><U+00A0><U+00A0> 업무실적 평가에서 우수기관으로 선정됨에 따라 이날 행정안전부장관 기관 표창을 받게 된다."
"753","<U+00A0> ㅁ<U+00A0>제주특별자치도 문원일 도민안전실장은"
"754","<U+00A0><U+00A0><U+00A0><U+00A0><U+00A0> <U+274D> 이번 행사는 1975년 민방위대 창설 이후 민방위 42년의 성과와 미래 100년의 의미를 되새기면서,"
"755","<U+00A0><U+00A0><U+00A0><U+00A0><U+00A0><U+00A0><U+00A0><U+00A0><U+00A0><U+00A0> 최근 급변하는 안보환경 속에서 민방위 대원으로서 역할을 다시 돌아보는 계기가 될 것이며,"
"756","<U+00A0><U+00A0><U+00A0><U+00A0><U+00A0> <U+274D> 특히 우리 지역을 수호하는 민방위 구성원으로서의 자긍심 고취와 급변하는 안보환경속에서 지역지킴이 역할을"
"757","<U+00A0><U+00A0><U+00A0><U+00A0><U+00A0><U+00A0><U+00A0><U+00A0><U+00A0> <U+00A0>다시 한번 다지는 좋은 기회가 될 것이라고 말했다."
"758","※ 도 민방위대 편성 현황"
"759","- 통<U+2024>리민방위대(대장 : 통<U+2024>리장) : 701개대 / 3만 8천여명"
"760","- 직장민방위대(대장 : 직장장) : 127개대 / 4천 6백 여명"
"761","ㅁ<U+00A0>제4회 제주 청소년 지도자대회가 18일 오전 10시 서귀포시 88체육관에서 개최된다."
"762","ㅁ 제주특별자치도가 주최하고 제주특별자치도청소년활동진흥센터(센터장 강옥련)가 주관하는 이번 행사에는 제주지역 청소년운영"
"763","<U+00A0><U+00A0> 위원회, 동아리활동, 청소년상담 등 청소년 활동 및 보호 프로그램을 기획 및 운영하고 있는 도내 시설·단체 관계자 100여명이 함께"
"764","<U+00A0><U+00A0> 참석한다."
"765","<U+00A0> ㅇ 행사는 청소년육성유공 우수 청소년 지도자 10여명에게 표창하고, 제주지역 청소년들이 건강한 성장을 위해 노력하겠다는 청소년"
"766","<U+00A0><U+00A0><U+00A0><U+00A0><U+00A0> 지도자 다짐, 청소년지도자 체육대회(피구·단체줄넘기 등)순으로 진행될 예정이며, 원희룡 제주특별자치도지사를 비롯해 제주특별"
"767","<U+00A0><U+00A0><U+00A0><U+00A0><U+00A0> 자치도의회 의원 등이 자리해 청소년들에게 격려의 메시지를 밝힐 예정이다."
"768","<U+00A0> ㅇ 원희룡 지사는 “도내 청소년들의 바르고 건강한 성장을 위해 지도자분들이 많은 노력과 열정을 쏟고 있는 것을 잘 알고 있다”며"
"769","<U+00A0><U+00A0><U+00A0><U+00A0><U+00A0> “청소년들이 제주의 미래가 될 수 있도록 청소년 지도자들이 더욱 사명감과 자긍심을 갖고 일할 수 있는 여건과 지원을 강화해"
"770","<U+00A0><U+00A0><U+00A0><U+00A0><U+00A0> 나가겠다”고 전할 계획이다."
"771","ㅁ 한편, 청소년 지도자대회는 지난 2014년에 처음으로 시작됐으며, 2015년부터는 청소년 연령 9세 ~ 24세를 상징하는 9월 24일이"
"772","<U+00A0><U+00A0><U+00A0> 속해있는 주 월요일로 지정 운영하고 있다."
"773","<U+00A0> ㅇ 2016년부터는 우수청소년 지도자 표창을 함께 진행해 제주지역 청소년지도자들을 격려하고 자긍심을 높이는 만남과 교류의 장"
"774","<U+00A0><U+00A0><U+00A0><U+00A0><U+00A0> 으로 마련되고 있다."
"775","<U+00A0>안전문화 생활화를 위한 도민 대토론회가 개최된다."
"776","<U+00A0> 제주특별자치도(도지사 원희룡)가 주최하고 제주연구원(원장 강기춘) 주관하는 「안전문화 생활화를 위한 도민 대토론회」가"
"777","<U+00A0> 오는 15일(금)과 22일(금) 도 근로자종합복지관에서 진행된다."
"778","<U+00A0><U+274D> 이는 안전 의식을 높이고 안전문화의 생활화를 고취해 도내 안전사고 및 범죄 예방을 위해 마련됐다."
"779","<U+F071> 이번 토론회에서는 안전문화운동 활성화 추진 방안과 안전 사고와 범죄 예방을 위한 도민 참여 방안을 주제로 논의가 진행되며"
"780","<U+00A0><U+00A0><U+00A0><U+00A0><U+00A0> 안전문화운동추진협의회 등 도내 안전 관련 단체 및 도민 150여명이 함께 참석할 예정이다."
"781","<U+00A0><U+274D> 15일에는 한국행정연구원 최호진 박사가 도민 안전문화운동 활성화 추진방안에 대한 주제 발표를 진행하고,"
"782","<U+00A0><U+00A0><U+00A0><U+00A0><U+00A0><U+00A0><U+00A0> 이동욱 제주대 교수를 좌장으로 종합 토론의 장이 펼쳐진다."
"783","<U+00A0> <U+274D> 이어 22일에는 안전사고와 범죄예방을 위한 도민의 참여방안을 주제로 최은아 제주국제대 교수의 주제 발표가 이어지고,"
"784","<U+00A0><U+00A0><U+00A0><U+00A0><U+00A0><U+00A0> 이영재 동국대 교수를 좌장으로 2부 행사가 진행된다."
"785","<U+F071>ㅁ 문원일 도민안전실장은"
"786","<U+00A0><U+00A0><U+00A0><U+00A0><U+00A0><U+00A0> “최근 급격한 도시성장과 사회 경제적 변화 등으로 예기치 못한 각종 재난 사고가 발생됨에 따라 도내외 전문가들과 함께 안전문화 정착을"
"787","<U+00A0><U+00A0><U+00A0><U+00A0><U+00A0><U+00A0> <U+00A0>위한 의견 공유의 장을 마련했다”며 “이번 토론회를 계기로 재난안전 시책들을 발굴해 더욱 안전한 제주로 발돋움하기 위한 안전문화 활성화"
"788","<U+00A0><U+00A0><U+00A0><U+00A0><U+00A0><U+00A0><U+00A0> 방안을 모색해나가겠다”고 밝혔다."
"789","<U+F071> ‘제주특별자치도 설치 및 국제자유도시 조성을 위한 특별법’ 일부개정법률안에 대한 공청회가 15일 오후 3시부터 제주 웰컴센터에서 진행된다. <U+F071>"
"790","<U+00A0><U+00A0><U+00A0> 지난 달 23일부터 오는 10월 2일까지 제주특별법 개정안에 대한 입법예고가 진행중인 가운데 열린 이번 공청회는 주요 개정 내용을 공유하고 제도개선에 대한 각계각층의 다양한 의견을 수렴하기 위해 마련됐다. <U+F071>"
"791","<U+00A0><U+00A0> <U+00A0>공청회는 국무조정실과 제주특별자치도가 공동 주최하며, 국무조정실 제주특별자치도 지원위원회 사무처 이동탁 제주특별자치도정책관의 제주특별법 일부개정법률안의 설명과 법률안에 대한 분야별 지정토론 순으로 진행될 예정이다."
"792","<U+00A0><U+00A0><U+00A0> <U+00A0><U+274D> 이동탁 제주특별자치도정책관은 6단계 제도개선 추진 배경과 경과 및 제주특별법 일부개정법률안의 세부 내용들을 설명할 계획이다."
"793","<U+00A0><U+00A0><U+00A0> <U+00A0><U+274D> 제주대 민기 교수를 좌장으로 하는 지정 토론은 ▲자치 분권 ▲조세·공기업 ▲청정환경 ▲투자진흥지구 ▲교통체계 ▲교육자치·국제학교 ▲1차 산업 ▲주거·예술분야 등 8개 분야별 전문가가 토론자로 참여해 제도개선 방향에 대한 의견과 방향을 논의한다."
"794","<U+00A0><U+00A0><U+00A0><U+00A0> <U+274D> 원희룡 도지사는 “개정안에는 그동안 개발 위주의 사업으로 인한 문제점을 개선하고 제주도의 지속가능한 발전을 위한 ‘환경 친화적인 국제자유도시 조성’과 도민 삶의 질 향상을 위한 ‘도민의 복리 증진’을 목적 규정에 반영함으로써 제주특별법이 도민을 위한 법임을 명확히 하고 있다”며 “앞으로 도민의 복리를 우선하고 국가에 기여할 수 있는 지방분권 모델 완성과 함께 제주특별자치도의 헌법적 지위가 확보되도록 더욱 노력 하겠다”는 입장을 밝힐 예정이다. <U+F071>"
"795","<U+00A0><U+00A0> 한편 제주특별자치도는 공청회에서 제시된 의견을 비롯, 입법예고 기간 동안 수렴한 모든 도민 의견에 대해 관계 부처와 검토를 진행하고 반영 가능한 부분을 개정안에 함께 포함할 계획이다."
"796","<U+00A0><U+00A0><U+00A0><U+00A0> <U+274D> 이후 규제심사와 법제처 법안심사, 국무회의 심의 등 정부의 입법절차를 거쳐 제주특별법 개정안이 국회입법이 추진될 수 있도록 절차를 진행한다."
"797","<U+F071> 지방분권 개헌에 대한 논의가 개헌특위 주관으로 전국 지자체를 대상으로 국민대토론회가 진행되는 과정에 제주특별자치도의 미래에 대한 논의가 수도권에서 본격적으로 진행되고 있다."
"798","<U+00A0><U+00A0><U+00A0><U+00A0> <U+274D> 이번 세미나는 제주국제협의회(회장 강태선), 더불어민주당 지속가능제주발전특별위원회(위원장 강창일 국회의원) 및 재외제주특별자치도민회총연합회(회장 김창희)에서 공동으로 주관하며 국회(도서관)에서 14:00부터 17:00까지 진행되었다."
"799","<U+00A0> <U+00A0>기조연설에 나선 한국공법학회 이헌환 회장(아주대학교 교수)은 헌법 개정방향이 중앙집중에서 지방분산으로, 수직적 질서에서 수평적 질서로, 권력 지향에서 기능지향으로 등 다양한 지향점을 제시했으며"
"800","<U+00A0><U+00A0><U+00A0><U+00A0> <U+274D> 특히 통일지향적 지방분권을 제시하여 제주가 특별자치지역으로서의 일정부분 역할도 가능하다는 의견을 내놓았다. <U+F071> 한편, 주제발표에 나선 이기우 인하대 부총장은 헌법 개정을 통해 제주특별자치도가 원래 구상했던 ‘1국 2체제’에 근접하는 자립형 분권 가능성을 제시했으며,"
"801","<U+00A0><U+00A0><U+00A0><U+00A0><U+00A0><U+274D> 연세대학교 김성진(제주출신) 학생은 제주특별자치도의 헌법적 지위 확보가 지역의 특수성을 바탕으로 자치권을 필요로 하는"
"802","지역으로 확대될 것이라고 예측했다."
"803","<U+00A0><U+00A0><U+00A0><U+00A0> <U+274D> 제주도 자치분권 자문위원으로 참여중인 안영훈 한국지방행정연구원 연구위원은 제주특별자치도의 헌법적 지위 확보와 함께 제주특별법의 개정 내용의 중요성을 강조하고 기본법적 성격을 가져야 한다고 주장했다. <U+F071>"
"804","<U+00A0><U+00A0> 원희룡 제주특별자치도지사는 격려사(행정부지사 대독)를 통해 제주자치도가 지방분권의 선도 지역으로서 선제적 대응을 위한 법제 연구와 다양한 정책 개발을 추진하고 있으며, 그 동안의 성과를 바탕으로 제주자치도의 제도적 완성을 위한 획기적인 전기를 마련해 갈 것이라고 밝혔다. <U+F071>"
"805","<U+00A0><U+00A0> 오늘 열린 세미나에는 제주출신 오피니언 리더를 포함한 도민회 관계자 등 200여명이 참석함으로써 헌법 개정에 따른 제주특별자치도 추진방향에 대하여 높은 관심을 보여줬다."
"806","ㅁ 2017 제주특별자치도 자활기능경연대회가 오는 15일 서귀포 김정문화회관에서 개최된다."
"807","<U+00A0> ㅇ 올해로 8회째를 맞이하는 자활기능경연대회는 자활사업 관계 기관과 참여자들의 교류와 자긍심 고취를 위해 마련됐으며 자활"
"808","<U+00A0><U+00A0><U+00A0><U+00A0> 관련 상품도 함께 홍보해 사업의 긍정적 인식을 제고하기 위해 매년 개최하고 있다."
"809","ㅁ ‘맞잡은 손! 함께 한마음! 힘내자 자활!’주제로 진행되는 이번 대회는 제주특별자치도가 주최하고 (사)제주특별자치도 지역자활센터"
"810","<U+00A0><U+00A0><U+00A0> 협회(협회장 김효철)가 주관하며 자활사업 참여자와 종사자 등 250여 명이 함께 참석할 예정이다."
"811","ㅁ 특히 이번 행사에서는 도내 저소득층 자활에 헌신한 유공자에 대한 도지사 및 도의회 의장, 제주자활협회장 등 표창 수여가 진행"
"812","<U+00A0><U+00A0><U+00A0> 된다."
"813","<U+00A0> ㅇ 또 어울림한마당에서는 초청 공연(난타, 마술, 초청가수), 저글링, 노래자랑, 게임 등 다채로운 행사를 통해 자활사업 참여자들"
"814","<U+00A0><U+00A0><U+00A0><U+00A0><U+00A0> 간의 결속과 우애를 다짐으로서 자활 의지를 높이는 시간을 마련한다."
"815","<U+00A0> ㅇ 부대행사로 4개 지역자활센터의 자활사업단 생산품 홍보 및 체험 부스, 포토존, 자활수기 공모전, 웃음 사진전, 이벤트존 등도"
"816","<U+00A0><U+00A0><U+00A0><U+00A0><U+00A0> 함께 운영된다."
"817","ㅁ 원희룡 도지사는 이 자리에 참석해 “간병, 집수리, 자원 재활용 등은 단순히 임금을 지급받기 위한 일이라기보다는 우리 사회의"
"818","<U+00A0><U+00A0><U+00A0> 그늘지고 소외된 곳에 사랑과 애정을 쏟는 숭고한 활동”이라며 어려운 이웃의 자활과 자립을 위해 노력하는 자활 사업 관계자와"
"819","<U+00A0><U+00A0><U+00A0><U+00A0> 종사자들을 격려할 계획이다."
"820","ㅁ 한편 자활사업은 국민기초생활보장법에 보장된 저소득층에 근로기회를 제공해 자활할 수 있는 기반을 조성해주는 사업으로, 근로"
"821","<U+00A0><U+00A0><U+00A0> 능력이 있는 수급자를 대상으로 집중적이고 체계적인 자활 지원 서비스 제공을 위해 4개 지역자활센터에서 자활사업을 지원"
"822","<U+00A0><U+00A0><U+00A0> 중이다."
"823","<U+00A0> ㅇ 앞으로 제주도는 저소득층의 생활기반 마련과 자립에 도움이 될 수 있도록 다양한 자활사업 발굴에 앞장설 계획이다."
"824","※ 붙임 : <U+00A0>道 자활기능경연대회(자활한마당) 행사 개요"
"825","원희룡 지사, 내년도 국비 확보 속도낸다"
"826","- 백재현 예결위원장 등 여·야 간사 잇단 면담…제주 예산 협조 당부"
"827","- 김관영 헌개특위 간사 만나 특별자치도 법적 지위 헌법개정안 반영 등 건의"
"828","□ 원희룡 제주특별자치도지사가 백재현 국회 예결위원장을 비롯한 여·야 예결위 간사들을 상대로 내년도 국비예산 확보에 나섰다."
"829","□ 원희룡 지사는 12일(화) 국회를 찾아 백재현 예결위원장과 김도읍 자유한국당 간사, 황주홍 국민의당 간사를 만나 제주도 관련 핵심 국비사업을 직접 설명하고, 내년도 제주 예산에 대한 적극적인 관심과 지원을 당부했다."
"830","□ 국회 절충을 건의한 핵심국비 사업은 ▲제주산 농산물 해상운송비 지원사업(37억)을 비롯하여 ▲서귀포 크루즈항 건설사업(159억) ▲한라산 소나무 재선충병 방제비사업(108억) ▲전기차 안전지원센터 구축사업(53억) 등 총 4건(357억)이다."
"831","□ 원 지사는 백재현 예결위원장과 면담에서 이같이 제주도의 핵심국비 사업에 대해 설명하였고 이에 백 위원장은 “전기차 안전지원센터는 전기차를 선도하는 제주도에 당연히 있어야 할 시설”이라고 답했다."
"832","□ 한편 원 지사는 이날 예산 협조 요청 이외에도 김관영 국회 헌법개정특위 간사(제1소위원장)를 만나 제주도가 자치분권 실험을 선도하는 최우선 지역이 될 수 있도록, 헌법개정안에 특별자치도의 법적 지위가 반영되길 적극 건의했다."
"833","□ 아울러 ▲4·3사건법 개정을 비롯한 ▲강정마을 구상권 철회 및 공동체회복 지원 ▲민간건설 공공임대주택에 대한 제도개선 ▲면세점 송객수수료 관련 법령 개정 등 제주 현안과 관련한 법령의 제·개정도 요청했다."
"834","□ 원 지사는 “중앙 인맥을 적극 활용해 국비예산과 제주도의 헌법지위 확보에 총력을 기울일 계획”이라며, “제주 최대 예산 확보와 특별자치도 헌법지위 반영을 위해 최선을 다하겠다”고 밝혔다."
"835","□ 첨부 사진 참조. 끝."
"836","ㅁ 일본의 자매결연도시인 아오모리현의 사사키 이쿠오 부지사와 구마가이 유이치로 아오모리현의회 의장 일행이 오는 9일부터 12일"
"837","<U+00A0><U+00A0><U+00A0> 까지 제주를 공식 방문한다."
"838","<U+F071> ㅇ 이번 방문은 제주세계자연유산 등재 10주년을 축하하기 위해 제주를 직접 방문하는 것이며 방문기간 중에는 세계자연유산"
"839","<U+00A0><U+00A0><U+00A0><U+00A0><U+00A0><U+00A0><U+00A0> 등재 10주년 음악회와 글로벌 포럼 등에 참가할 계획이다."
"840","<U+F0A6>ㅇ 특히, 방문 일정 중에는 원희룡 도지사와의 면담을 통해 자연유산을 비롯한 양 지역의 공통점과 특색을 살린 교류 활성화"
"841","<U+00A0><U+00A0><U+00A0><U+00A0><U+00A0><U+00A0> 방안을 모색할 계획이다."
"842","ㅁ 제주특별자치도와 아오모리 현은 세계자연유산 보유지라는 공통점이 계기가 되어 2007년부터 교류의 인연을 맺고 다양한 분야에"
"843","<U+00A0><U+00A0><U+00A0> 서 꾸준히 교류를 해왔으며,"
"844","<U+00A0> <U+00A0>ㅇ 지난해 8월에는 제주-아오모리간 자매결연협정 체결, 금년 8월 에는 제주도의회-아오모리 현 의회 우호교류협정 체결 등의"
"845","<U+00A0><U+00A0><U+00A0><U+00A0><U+00A0> 성과를 이루고 행정과 의정이 함께 협력하며 양 지역의 교류 활성화와 공동발전을 위해 나아가고 있다."
"846","<U+00A0><U+00A0> ㅇ<U+00A0>제주와 아오모리 현은 올 하반기에도 관광, 청소년, 미술관, 스포츠 교류 등의 교류사업을 계획 중이며, 앞으로도 양 지역주민들"
"847","<U+00A0><U+00A0><U+00A0><U+00A0><U+00A0><U+00A0> 이 직접 참여할 수 있는 민간분야에서의 교류 사업들을 발굴하고 자매도시로서의 관계를 더욱 돈독히 다지며 우정의 행보를"
"848","<U+00A0><U+00A0><U+00A0><U+00A0><U+00A0><U+00A0> 지속해 나갈 계획이다."
"849","ㅁ 한편, 일본국 아오모리현은 1993년「시라카미 산지(너도밤나무 숲)」가 일본 최초로 세계자연유산으로 등재 되었으며, 일본 최대의"
"850","<U+00A0><U+00A0><U+00A0> 사과 및 마늘 생산지로 유명하며 최근에는 네부타 축제와 아름다운 자연을 활용한 관광지로서 주목을 받고 있는 지역이다."
"851","<U+25A2> 제주특별자치도에서는 공적개발협력(ODA) 사업으로 에티오피아 한국전 참전용사 쉼터 조성사업 지원에 따른 준공식 참석과"
"852","<U+00A0><U+00A0> 참전용사<U+00A0>위로방문을 위하여 9월4일부터 6일까지 현지 방문한다고 밝혔다."
"853","<U+00A0><U+00A0> ※ 공적개발협력(ODA) : 한 국가의 중앙 혹은 지방정부 등 공공기관이나 원조집행기관이 개발도상국의 경제개발과 복지향상을"
"854","<U+00A0><U+00A0><U+00A0><U+00A0><U+00A0> 위해<U+00A0>개발도상국이나 국제기구에 제공하는 지원의 흐름을 뜻함."
"855","<U+00A0> ㅇ 이번 한국전 참전용사쉼터 조성사업은 원희룡 제주특별자치도지사가 작년 제11차 유네스코 무형문화유산보호 정부간위원회에"
"856","<U+00A0><U+00A0><U+00A0><U+00A0><U+00A0> 참석 차 에티오피아 방문 중 한국전 참전용사 기념공원을 방문, 헌화하고 6. 25. 한국전 참전용사들의 숭고한 희생정신과 감사의"
"857","<U+00A0><U+00A0><U+00A0><U+00A0><U+00A0> 뜻을 전하였고, 참전용사협회 요청으로 조성 완료하였다."
"858","<U+00A0> ㅇ 제주특별자치도 관계자는 9. 4일 한국전 참전용사 마을 가정방문, 9. 5일에는 한국전 참전용사 쉼터 준공식 참석하여 참전용사"
"859","<U+00A0><U+00A0><U+00A0><U+00A0><U+00A0> 위로행사와 위문품을 전달할 계획이다."
"860","<U+25A2> 제주특별자치도는 2012년을 “국제개발협력 원년의 해” 로 지정한 이후, 2013년도부터 동티모르를 시작으로 본격적인 ODA 사업을"
"861","<U+00A0><U+00A0> 추진해왔으며, 2016년도에 몽골과 동티모르, 2017년도에는 우간다와 에티오피아, 몽골, 동티모르 등 4개국으로 지원대상국을 점차"
"862","<U+00A0><U+00A0> 확대하여 사업을 추진하고 있다."
"863","<U+25A2> 앞으로도 제주특별자치도에서는 저개발 빈곤국(개발도상국)에 대한 실질적인 도움을 제공하고 지속가능한 사업 추진을 통해 국제"
"864","<U+00A0><U+00A0> 사회에서 세계평화의 섬 제주를 널리 알리고 브랜드 이미지를 강화하고자 한다고 밝혔다."
"865","□ 다가오는 한반도 통일시대에 대비하는 제주지역 청년 지도자로의 자질을 함양하고 포용적 통일리더십을 배울 수 있는 기회를"
"866","<U+00A0><U+00A0><U+00A0> 마련하기 위한 ‘제1회 제주지역 「한라-백두」 청년 통일 지도자 양성 아카데미’가 오는 9월 1일 개강식 및 1차 강좌가 실시된다."
"867","□ 본 아카데미에는 제주특별자치도가 주최하고 제주통일미래연구원이 주관하며 제주도내 대학 통일 동아리 학생들과 통일 운동"
"868","<U+00A0><U+00A0><U+00A0> 청년 활동가 등 30명이 참가한다. 7차의 강좌가 매주 금요일 열릴 예정이며, 2차례의 현장답사(도내, 북한·중국 국경)도 이루어진다."
"869","□ 강사진은 북한, 통일 관련 전문가로 구성되며 1차 강의는 이영종 소장(중앙일보 통일북한 전문기자, 통일무화연구소장)이 맡게 된다."
"870","<U+00A0><U+00A0><U+00A0> 이어 현인택 고려대 교수(전 통일부 장관), 서정하 제주평화연구원장, 손기웅 통일연구원장, 강동완 동아대 교수, 고성준 제주통일"
"871","<U+00A0><U+00A0><U+00A0> 미래연구원장, 원희룡 제주특별자치도지사 등이 강연할 예정이다."
"872","□ 통일의식을 고취하기 위해 오는 10월에는 도내 통일 안보현장 답사와 11월 에는 북·중 접경 지역과 광개토대왕릉비 등을 답사하는"
"873","<U+00A0><U+00A0><U+00A0> 분단 현장 기행 일정도 잡혀 있다."
"874","□ 최근 북한의 핵 실험과 장거리 미사일 발사로 한반도를 둘러싼 국제정세가 불안한 상황에서 자칫 통일에 대한 희망이 사라지는"
"875","<U+00A0><U+00A0><U+00A0> 것이 아니냐는 우려로 나오고 있다."
"876","<U+00A0> <U+274D> 이럴 때일수록 북한의 실체에 대한 균형 잡힌 이해와 접근이 필요하고 특히 제주지역 청년들에게 통일에 대한 희망을 심어주고"
"877","<U+00A0><U+00A0><U+00A0><U+00A0> 미래의 통일지도자 양성을 위해 향후 지속적으로 통일교육 프로그램을 운영할 계획이다."
"878","연방제 수준의 자치 분권 모델을 위한 공동 협력이 시작됐다. <U+F071>"
"879","제주특별자치도는 분권모델 완성의 효율적 추진과 제주특별법 개정을 위해 제주대학, 한국법제연구원, 한국지방행정연구원, 제주연구원 4개 기관과 업무 협약을 체결한다고 밝혔다."
"880","<U+00A0> <U+274D> 업무 협약식은 23일 오전 11시 30분 도본청 2층 삼다홀에서 진행되며 원희룡 도지사와 제주대 허향진 총장, 한국법제연구 이익현 원장, 한국지방행정연구원 김선기 원장, 제주연구원 강기춘 원장이 함께 자리한다. <U+F071>"
"881","협력 분야는 ▲연방제 수준의 자치분권 확보를 위한 헌법적 지위 확보 ▲연방제 수준의 자치분권 실행을 위한 「제주특별자치도 설치 및 국제자유도시 조성을 위한 특별법」의 개정 ▲안정적 재원확충을 위한 국세 이양, 면세특례제도 확대 등 4개 분야로, 앞으로 상호 신뢰와 유기적인 협력을 바탕으로 자치분권 확보를 모색한다는 방침이다."
"882","<U+00A0> <U+00A0><U+274D> 특히 연방제 수준의 자치 분권 확보와 관련된 법제 조사 및 연구 등 협약 기관별 역할 분담을 통해 제주특별자치도의 제도적 완성과 선진 분권을 앞당길 계획이다."
"883","<U+00A0><U+00A0><U+00A0><U+00A0><U+00A0> ※ 기관별 역할 및 업무 분담"
"884","<U+00A0><U+00A0><U+00A0><U+00A0><U+00A0><U+00A0> - 제주특별자치도: 종합적인 계획의 수립과 관련 시책 추진 전반"
"885","<U+00A0><U+00A0><U+00A0><U+00A0><U+00A0><U+00A0> - 제주대학교: 법과 정책에 관한 학제적 연구"
"886","<U+00A0><U+00A0><U+00A0><U+00A0><U+00A0><U+00A0> - 한국법제연구원: 법제에 관한 전문적 조사·연구"
"887","<U+00A0><U+00A0><U+00A0><U+00A0><U+00A0><U+00A0> - 한국지방행정연구원: 창의적이고 실천적인 조사, 연구 및 정책개발"
"888","<U+00A0><U+00A0><U+00A0><U+00A0><U+00A0><U+00A0> - 제주연구원: 제반과제에 대한 연구·조사·분석"
"889","<U+00A0>이날 협약식에서 원희룡 지사는 지방 분권 실현을 위한 공동협력과 헌법 개정 의지를 전할 예정이다."
"890","<U+00A0> <U+00A0><U+274D> 원 지사는 ?문재인 정부의 100대 국정 과제인‘제주특별자치도의 분권모델 완성’과 연계해 제주특별자치도가 실질적인 지방분권을 선도해 지역 균형발전을 이룰 수 있도록 협력을 모색할 것?이라며,"
"891","<U+00A0><U+00A0> <U+274D> “정부와 국회에 대한 공동 대응과 제주특별자치도의 헌법적 지위확보에도 적극 노력할 것”이라 밝힌다."
"892","<U+00A0>한편, 도에서는 대통령의 지방분권 국정과제인 “제주특별자치도 분권모델의 완성”의 철저한 추진을 위해 행정부지사를 팀장으로 하는‘자치분권 TF팀’을 운영 중이며, 국회와 행정자치부를 비롯한 중앙정부 및 국정기획자문위원회와도 적극 협의를 진행 중이다."
"893","<U+00A0>ㅁ 제주특별자치도는 16일 도청에서 통합방위협의회의(의장 원희룡 도지사)를 개최하고 통합방위 “병”종사태를 선포하였다."
"894","<U+00A0><U+00A0><U+00A0> <U+274D> 제주특별자치도 통합방위협의회는 26명의 도내 주요기관의 장 및 관계관으로 구성된 민<U+2024>관<U+2024>군<U+2024>경의 협의체로 제주의 방위를"
"895","<U+00A0><U+00A0><U+00A0><U+00A0><U+00A0><U+00A0><U+00A0> <U+00A0>책임지고 있는 대표적인 기구이다."
"896","<U+00A0><U+00A0><U+00A0> <U+274D> 이 회의는 2017년 을지연습 전(前) 국가안보에 중대한 영향을 미치는 위기상황 발생 시를 가정하여 추진하는 국가 위기관리연습"
"897","<U+00A0><U+00A0><U+00A0><U+00A0><U+00A0><U+00A0><U+00A0><U+00A0> (CMX, Crisis Management Exercise)의 일환으로, 제주도 내에서의 적의 국지적 침투<U+2024>도발에 대응하기 위한 연습으로 열리게 되었다."
"898","<U+00A0><U+00A0><U+00A0> <U+274D> 이날, 제주지방경찰청 경비교통과장으로부터 적의 국지도발 상황을 보고 받고, 제주지방경찰청장과 제9해병여단장의"
"899","<U+00A0><U+00A0><U+00A0><U+00A0><U+00A0><U+00A0><U+00A0> 통합방위 병종사태 선포 건의에 의해 협의회의 심의를 거쳐 도지사가 선포하였으며, 아울러 작전지역에서의 야간 통행금지 안건에 대해서도"
"900","<U+00A0><U+00A0><U+00A0><U+00A0><U+00A0><U+00A0><U+00A0> 심의<U+2024>가결하였다."
"901","<U+00A0><U+00A0><U+00A0> <U+274D> 통합방위사태는 통합방위법에 의해 갑종, 을종, 병종사태로 구분하여 선포하게 되며, 도지사는 을종, 병종사태에 대하여"
"902","<U+00A0><U+00A0><U+00A0><U+00A0><U+00A0><U+00A0><U+00A0><U+00A0> 지방경찰청장, 지역군사령관 또는 함대사령관의 건의에 의해 지방통합방위협의회의 심의를 거쳐 선포할 수 있다."
"903","<U+00A0><U+00A0><U+00A0> <U+274D> 통합방위사태는 국지적 침투나 도발에 대응하여 지방단위의 성격으로 선포함으로써 단기간에 치안을 회복시키는 것이 목적이라면"
"904","<U+00A0><U+00A0><U+00A0><U+00A0><U+00A0><U+00A0> <U+00A0>을지연습에서의 을지사태선포는 국가적 총력전의 목적으로 선포하게 된다."
"905","<U+00A0><U+00A0><U+00A0> <U+274D> 따라서 을지사태 선포는 통합방위사태 선포의 연장선상에 있다고 할 수 있으며, 을지연습에는 중앙정부기관 및 지방자치단체,"
"906","<U+00A0><U+00A0><U+00A0><U+00A0><U+00A0><U+00A0><U+00A0> 특별지방행정기관, 중점관리지정업체가 참가하는 것을 원칙으로 하는 정부단위의 연습이다."
"907","<U+00A0><U+00A0><U+00A0> <U+274D> 을지연습은 을지프리덤가디언(UFG, Ulchi Freedom Guardian)연습의 약어로 을지문덕장군의 정신을 기리는 자유 수호자라는 의미이다."
"908","<U+F071> 한편, 이번 을지연습은 오는 8월 21일부터 24일까지 3박 4일간 행정기관과 공공기관·단체, 중점관리업체 등 5천여명이 참석해 실시될 예정이다."
"909","<U+00A0><U+00A0><U+00A0> <U+00A0><U+274D> 을지연습은 기본적으로는 전시상황을 가정한 컴퓨터 시뮬레이션 훈련의 도상연습이 주를 이루게 되나, 실제훈련, 토의형 연습도 추가로"
"910","<U+00A0><U+00A0><U+00A0><U+00A0><U+00A0><U+00A0><U+00A0><U+00A0> 병행하여 진행된다."
"911","<U+F071> 저출산 극복을 위한 사회연대회의 대표위원들과의 간담회가 11일 도내 한 식당에서 진행된다."
"912","<U+00A0> <U+00A0>이번 간담회는 30개 기관단체 대표로 구성된 사회연대회의의 활동들을 공유하고 저출산 극복을 위한 자유로운 토론을 진행하기 위해 마련됐다."
"913","<U+F071> 제주지역 저출산 극복 사회연대회의는 제주도를 중심으로 교육계<U+2027>경제계<U+2027>종교계<U+2027>언론계<U+2027>시민단체로 구성된 30개 기관 단체와 인구보건복지협회 제주지회 간사단체가 포함됐다."
"914","<U+00A0> <U+00A0>지난 2016년 6월 첫 실무 회의를 시작으로 다양한 공동캠페인, 기관별 릴레이 캠페인 및 각종 프로그램 등을 운영해 구성단체별 역량을 결집해 오고 있다."
"915","<U+00A0> 또한 지난해 9월에는 저출산·고령사회위원회 민간위원 및 보건복지부 인구정책실장이 제주를 방문해 제주특별자치도 저출산 극복 사회연대회의 단체장과 함께 간담회를 진행하며, 제주지역 저출산 문제 해결을 위한 정책들을 발표하고 중앙과 지방의 공동대응을 위한 중점 과제에 대한 토론을 진행한 바 있다."
"916","<U+F071> 원희룡 지사는 이날 간담회에서 “제주는 일과 가정의 양립을 위해 제주가족친화지원센터를 개소해 운영 중이며, 제주형 수눌음육아나눔터 조성, 가족친화 기업문화 확산 정책을 지원 중”이라고 전하며 “출산 뿐 아니라 자녀를 키우기 좋은 제주를 만들기 위한 정책 개발에 더욱 노력하겠다”고 밝힐 예정이다."
"917","<U+274D> 현재 제주도는 출산장려금 및 둘째이후 양육수당 지원, 출산육아용품대여점 운영, 사회적 돌봄 공동체 발굴 지원, 신혼부부(자녀출산) 주택전세자금 대출이자 지원, 출산장려 홍보 등 저출산 극복을 위한 실질적인 지원을 강화하고 있다."
"918","<U+F071> 이번 간담회를 계기로 제주특별자치도는 참여단체의 적극적인 참여 속에 제주지역에 맞는 출산, 가족 친화적 사회분위기 조성은 물론 출산장려정책제도가 확산될 수 있도록 정책 마련에 힘을 쏟을 계획이다."
"919","<U+274D> 또한, 사회연대회의의 참여단체는 앞으로 일·가정 양립 균형을 위한 아빠육아 참여의 슬로건 ‘도와주는 아빠에서 함께하는 아빠로’를 중점 홍보하며 출산 장려제도를 정착 시키고 남성근로자의 육아휴직을 활성화하는 등의 정책을 적극 유도할 방침이다."
"920","<U+F071> 제주특별법 6단계 제도개선 과제가 본격 급물살을 탈 전망이다. <U+F071> 정부는 8월 4일(금) 정부 서울청사에서 이낙연 국무총리 주재로 제32차 제주특별자치도 지원위원회를 개최해 「제주특별법 6단계 제도개선 과제」를 심의, 확정했다."
"921","<U+F06D> 이번 6단계 제도개선 과제는 지난해 9월 30일 정부에 제출된 제도개선 과제 90건 중, 국무조정실 주재 하에 제주특별자치도와 소관 부처 간 협의와 조정과정을 거친 후 합의에 이른 것으로 과제 42건이 이번 심의를 통해 6단계 제도개선 과제로 최종 확정됐다."
"922","<U+F071> 이를 통해 제주미래 비전의 핵심가치인 ‘청정과 공존’을 제주특별법에 명시하고, 자치기능의 확대와 주민자치위원회 기능 강화에 더욱 주력할 전망이다."
"923","<U+F06D> 이번에 확정된 제주특별법 6단계 제도개선은 정치<U+2024>사회<U+2024>경제적 환경변화에 따른 제도 보완에 주안점을 두었다."
"924","<U+F06D> 특히 지금까지 개발 위주의 사업추진으로 인한 문제점을 개선하고 지속가능한 발전을 위한 ‘청정과 공존’의 핵심가치를 제주특별법에 반영할 계획이다."
"925","<U+F06D> 특별자치도 출범 이후 외형상 경제성장에 걸맞게 도민의 복리증진을 규정에 포함해 도민들의 일자리 창출을 위한 고용계획을 명시하고, 주민자치위원회 기능 강화를 모색한다."
"926","<U+F06D> 청정 환경 보전을 위해 2030년까지 탄소 없는 섬 실현 프로젝트 및 지역주민과 공동으로 신재생에너지 투자를 통해 지역과 상생 협력하는 방향으로 추진되며,"
"927","<U+F06D> 지역경제에 파급효과가 큰 업종을 투자유치 대상 업종으로 확대<U+2024>조정하는 등 투자진흥지구 지정 및 해제를 엄격히 관리할 예정이다. <U+F071> 한편, 이날 회의에는 이낙연 국무총리를 비롯한 중앙부처 장<U+2024>차관들과 원희룡 제주특별자치도지사 등이 함께 참석했으며, 제주특별법 6단계 제도개선과제 이외에도 제주특별자치도 지방 분권 완성 방안에 대한 공감대를 형성하는 계기를 마련한 상징적인 자리가 됐다."
"928","<U+F071> 앞으로 제주특별자치도는 6단계 제도개선 과제가 확정됨에 따라, 오는 9월까지 제주특별법 개정안을 입법예고할 예정이다."
"929","<U+F06D> 이후 규제심사 및 법제심사, 차관회의ㆍ국무회의 심의 등 정부 입법절차를 거쳐 올해 내에 제주특별법 개정안이 국회에 제출돼 조속한 제도개선 추진될 수 있도록 대 중앙 절충을 강화해 나갈 계획이다."
"930","<U+F071> 원희룡 제주도지사는 4일 오전 정부서울청사에서 열린 제32차 제주특별자치도 지원위원회(위원장 이낙연 국무총리)에 참석했다."
"931","<U+00A0><U+00A0> <U+00A0>원 지사는 이 자리에서“제주특별자치도 제도적 완성을 위해 헌법에 제주자치도 설치근거를 명시하고, 자치입법권 확대 및 자치재정권 강화를 통한 분권<U+2024>자치모델 실현이 필요한 시점”이라 강조했다."
"932","<U+00A0> <U+00A0><U+274D> “국정과제로 선정된 「제주특별자치도 분권모델의 완성」이 2005년 ‘제주특별자치도 기본 구상’을 기초로 하고 있다”며, “이는 결국 제주특별자치도의 완성이며, 장기적으로는 지방분권국가 실현을 목표로 한 것”이라 설명했다. <U+F071>"
"933","<U+00A0><U+00A0><U+00A0><U+00A0><U+00A0> 이와 함께 자기결정권 강화를 통한 자치모델 실현을 위해 5가지 추진전략 및 과제를 밝히기도 했다."
"934","<U+00A0><U+00A0> <U+274D> 원 지사는“현재 「지방자치법」과 제주특별법에 근거하고 있는 제주특별자치도의 설치근거를 헌법에 구체적으로 반영하고,"
"935","자치입법, 재정, 행정, 복지 특례 등도 함께 인정돼야 한다”고 건의했다."
"936","<U+00A0><U+00A0> <U+274D> 제주특별자치도의 자기결정권 강화에 관한 사항으로 “헌법에서 위임된 내용을 제주특별법에 반영하고, 기타 필요한 사항은 의회의결을 통해 자치법률로 규정하며, 국세의 세목 및 징수액 이양 등을 통한 자치재정권 확대 등의 필요성”도 언급했다."
"937","<U+00A0><U+00A0> <U+274D> 이 밖에 “자연경관의 글로벌 모델화 등을 위한 동북아 환경수도 조성, 100만 인구 대비를 위한 인프라 구축과 그 동안 특별자치도 시행 과정에서 미비했던 정부지원체계 개선, 사무이양 비용 지원 등도 포함해 줄 것”을 함께 요청했다."
"938","<U+00A0><U+00A0> <U+274D> 또 원 지사는 “지방분권에 대한 국정운영 계획에 따르면 2018년까지 분권과제 및 지방이양사무 발굴·이양, 2019년까지 특별법 제정, 2020년 시행을 위한 로드맵은 추진동력이 상실될 우려가 있다”면서 “시행시기를 앞당겨 줄 것”을 제안하기도 했다. <U+F071>"
"939","그는 “연방제 수준의 자치분권 시범지역 운영 방안은 별도로 연구 중에 있으며 세부 실행계획은 도민의견 수렴과 정부협의를 통해 보다 구체화할 방침”이라 전했다.<U+00A0>"
"940","<U+00A0><U+00A0> <U+274D> 또한 제주의 분권모델은 우리나라 지방자치 발전에 기여하고 지방분권 국가 조기 실현에 이바지해 나갈 것이라는 확신도 함께 피력했다.<U+00A0> 한편, 이낙연 총리가 주재하는 이번 회의는 각 부처 장관들로 구성된 정부위원 18명과 국무총리가 위촉한 민간위원 8명이 함께 참석했다."
"941","<U+F071> 원희룡 제주도지사는 20일 오전 MG 새마을연수원 (애월읍) “노인일자리 참여자 안전교육 및 문화체험 현장”을 방문하여, 혹서기 폭염피해 예방을 당부하고 연극공연을 함께 관람하였다"
"942","<U+F071> 이날 교육은 “경로당 도우미”, “노노케어”사업 노인일자리 참여자(450명)를 대상으로 운영됨에 따라, 최근 폭염주의보 발효로 특히 폭염취약계층(노인, 거동불편자)에 대하여 예방 및 관리대책이 강화되고 있어 “무더위 쉼터 운영”과 “혹서기 노인일자리 운영”에 최선을 다해줄 것을 당부하였다"
"943","<U+F071> 최근 제주지역 노인인구와 경로당이 증가되고 있고, “경로당 도우미”사업으로 현재 2~3명이 147개 경로당에 배치되고 있는 가운데, 추가배치를 요청하는 경로당이 매년 늘고 있어, 일자리 확대요청에 대하여 “지속적으로 노인 일자리 발굴 및 확대운영”을 약속하기도 하였다."
"944","<U+274D> 제주특별자치도는 노인일자리 수요가 매년 증가하고 있어, ‘17년도 중앙지원 일자리사업 대기인원 해소를 위하여 자체사업(도비 100%) 노인일자리 예산을 제1회 추경에 3억원 편성, 300여명의 신규 일자리사업을 7월부터 추가 모집 운영하고 있으며, 정부 일자리 추경을 통하여 추가 400명의 신규 일자리를 창출할 계획이다."
"945","<U+F071> 앞으로 제주특별자치도는‘19년까지 일만개의 노인 일자리 창출하여 65세 이상 노인 10명중 1명이 일할 수 있는 여건을 만들어 나갈 계획으로, 사회공헌일자리 외에도 소득형 일자리 창출을 위하여 노인고용촉진장려금 지원,‘18년 고령자친화기업 제2호 발굴, 시장형일자리 강화 등 전국최고의 노인일자리 정책들을 지속 추진할 계획이다."
"946","□ 제주특별자치도와 유니세프한국위원회가 제주 아동의 놀 권리 증진을 통해 아동비만을 예방<U+2024>관리하기 위해 손을 맞잡았다."
"947","□ 18일 오전 10시 원희룡 제주특별자치도지사와 서대원 유니세프한국위원회 사무총장 등 양 기관 관계자와 학생, 교사, 학부모 등이 참석한 가운데 제주 북 초등학교에서 『맘껏 쉬고 노는 제주 어린이』를 위한 업무협약을 체결했다."
"948","□ 협약을 통해 제주도와 유니세프한국위원회는 어린이를 위해, 어린이와 함께 모든 제주도민이 건강하게 어린이의 권리를 존중하고 지키도록 하는 인식 개선 캠페인과 건강한 놀이문화를 확산하기 위한 현장 실천 프로그램을 추진하기로 했다"
"949","□ 그 첫 프로젝트로 ‘유니세프 맘껏 바닥놀이판’을 조성하는데, 바닥놀이판은 도심공원<U+2024>클린하우스<U+2024>학교<U+2024>관광지 공터 등에 조성 되며, 특히, 클린하우스 나 음용수 주변 바닥놀이판(사방치기, 미로)을 조성해 쓰레기를 버리거나 물을 마시며 자연스럽게 놀 수 있도록 하였다"
"950","○ ‘맘껏놀자’ 바깥놀이 활동을 통해 제주 아동의 비만개선과 건강한 성장발달에 기여하고, 나아가 클린하우스 주변에 조성함으로써 가족이 즐겁게 쓰레기를 버리며 일상이 운동이 될 수 있도록 추진 하고 있다."
"951","○ 올해 유니세프한국위원회와 제주특별자치도가 ‘맘껏놀자’ 바깥놀이 바닥판을 설치한 곳은 관광지인 천지연폭포 음수대 앞, 이호테우해변 이호비치 클린하우스 앞, 도심공원 탑동광장 음수대, 해변공연장 화장실앞 과 도내 8개 초등학교(제주북초, 납읍초, 한천초, 일도초, 광양초, 보목초, 풍천초, 안덕초)를 시작으로 차츰 확대해 나갈 계획이다."
"952","□ 그 동안 도 에서는 작년 10월에 한국건강증진개발원 공동추진 으로 신제주 초등학교를 시범학교로 지정해 쉬는 시간, 체육시간 등에 신체활동을 할 수 있게 운동장, 공터, 건물 벽 등을 활용하여 특별놀이구역(달팽이놀이, 사방치기 등)을 조성 하였다."
"953","□ 원희룡 도지사는 이날 업무협약에서 인사말을 통해 건강한 제주를 만들기 위해 ‘아동비만 줄이기’를 공약으로 정하였다며, 놀이문화 확산은 건강한 제주의 미래, 평화와 공존의 미래를 위한 좋은 투자가 될 것이라고 밝혔다."
"954","□ 앞으로도 도와 유니세프한국위원회는 상호 협력하여 제주 어린이가 맘껏 놀 수 있도록 ‘나가서 놀자!’ 캠페인을 펼쳐 놀이의 가치에 대한 인식을 제고하고 성장<U+2024>발달을 위한 건강한 놀이문화를 확산해 나갈 예정이다."
"955","ㅁ 제주특별자치도는 2015년부터 추진한 서귀포시 *서부종합사회복지관(‘서부복지관’)을 14일 개관한다고"
"956","<U+00A0><U+00A0><U+00A0> 밝혔다."
"957","<U+00A0> <서부종합복지관 시설개요>"
"958","<U+00A0><U+00A0><U+00A0><U+00A0> <U+2024> 위 치 : 서귀포시 대정읍(하모리) 신영로 23"
"959","<U+00A0><U+00A0><U+00A0><U+00A0> <U+2024> 운영법인 : 사회복지법인 한기장복지재단 (복지관장 석 건)"
"960","<U+00A0><U+00A0><U+00A0><U+00A0> <U+2024> 규 모 : 지상 4층, 연면적(2,267㎡) <U+2024> 종사인력 : 9명"
"961","ㅁ 서부종합복지관은 복권기금으로 총 사업비 51억원을 투입하여 식당(1층), 세미나실 및 북카페, 자원봉사자실"
"962","<U+00A0><U+00A0> (2층), 장애아동 프로그램실, 육아나눔터, 강당(3층), 체력단련실 및 회의실(4층) 등 현대식 환경을 갖춘 복지"
"963","<U+00A0><U+00A0> 공간으로 꾸며졌다."
"964","<U+00A0> ㅇ 그간 주민숙원이었던 종합복지관이 들어서게 됨으로서 지역수요에 맞는 다양한 복지프로그램을 개발<U+2024>보급"
"965","<U+00A0><U+00A0><U+00A0><U+00A0><U+00A0> 하고, 주민 복지공간으로서 활용되어, 서귀 서부지역 주민들의 복지향상 거점지역으로 자리매김해 나갈"
"966","<U+00A0><U+00A0><U+00A0><U+00A0><U+00A0> 것으로 기대하고 있다."
"967","<U+00A0> ㅇ ‘서부복지관’은 민간위탁으로 운영하게 되며, 그 동안 공모절차(3월)를 통해 전문성과 효율성을 갖춘 (사회"
"968","<U+00A0><U+00A0><U+00A0><U+00A0> 복지법인) 한기장복지재단(대표 김옥진)이 선정되었으며, 종사인력(관장 등 8명)채용을 마치고 운영 준비를"
"969","<U+00A0><U+00A0><U+00A0><U+00A0> 마친 상태이다."
"970","<U+00A0> ㅇ 특히, ‘서부복지관’은 장애인, 어르신 등 이용주민의 불편이 없도록 BF(장애물 없는 생활환경 인증) 예비인증"
"971","<U+00A0><U+00A0><U+00A0><U+00A0> 을 이미 마쳤으며, 이어 BF 본인증 절차도 이행 중에 있어, 복지관 이용측면에서도 최적의 서비스를 제공한다"
"972","<U+00A0><U+00A0><U+00A0><U+00A0><U+00A0>는 방침이다."
"973","<U+00A0><U+00A0><U+00A0><U+00A0> <U+2022> 또한 지역의견을 반영하여 서부지역에 장애아동을 위한 재활 프로그램 공간을 마련하여 소외계층 서비스도"
"974","<U+00A0><U+00A0><U+00A0><U+00A0><U+00A0><U+00A0> <U+00A0>제공할 예정이다."
"975","<U+00A0> ㅇ 한편 제주자치도는 금번 ‘서부복지관’ 개관으로 우리 도내 사회복지관이 10개소(제주시 7, 서귀포 3)로 늘어"
"976","<U+00A0><U+00A0><U+00A0><U+00A0> 나게 되며, 이는 시·도별 인구대비 복지관 설치율로 볼때 전국 1위로서"
"977","<U+00A0><U+00A0><U+00A0><U+00A0> <U+2022> 도민들에게 복지수혜의 균형보급, 복지사각지대 해소 등 도민복지 향상에 크게 기여할 것으로 보고 있다."
"978","<U+00A0><U+00A0><U+00A0><U+00A0><U+00A0><U+00A0><U+00A0> <전국 464개소 설치> 인구대비 설치율 평균 0.000897 → 제주 0.001542"
"979","ㅁ 원희룡 도지사는 ‘서부복지관’ 개관 축사를 통해 현대적 시설로 새롭게 조성된 환경에서 지역 주민들이 다양한"
"980","<U+00A0><U+00A0> <U+00A0>복지 프로그램을 통해, 주민 복지 만족도를 높혀 나갈 수 있기를 바란다고 축하하고,"
"981","<U+00A0> ㅇ 아울러 복지 사각지대 해소 등 복지관 기능을 다양화하여, 서부지역 복지거점 시설로서의 운영이 원활히 될"
"982","<U+00A0><U+00A0><U+00A0><U+00A0><U+00A0> 수 있도록 지속적 관심과 지원을 아끼지 않겠다고 밝혔다."
"983","<U+00A0> ○ 제주특별자치도(도지사 원희룡)와 교섭대표노동조합 전국공무직노동조합 제주본부"
"984","<U+00A0><U+00A0><U+00A0><U+00A0><U+00A0> (대표위원 신제균)는 7월 13일 11:30 도청 탐라홀에서 협약식을 갖고 2017년도 임금협약을 체결하였다."
"985","<U+00A0> □ 원희룡 제주도지사는 12일 오전 6시 40분 서귀포시청 제1청사에서 출발하는"
"986","<U+00A0><U+00A0><U+00A0><U+00A0><U+00A0> 직원 출근버스를 타고 출근했다."
"987","<U+00A0> □ 원희룡 제주도지사가 직원 출근버스를 타고 출근하면서 공무원들을 격려하고, 청사 주차장"
"988","<U+00A0><U+00A0><U+00A0><U+00A0><U+00A0> 유료화와 관련하여 의견수렴의 시간을 가졌다."
"989","<U+25A2> 제주특별자치도(도지사 원희룡)는 정부의 제주지역 천연가스 공급계획에 따른 도내 LNG의 안정적 공급과 서부지역 연안화물의 처리를 위해 추진한 “애월항 2단계 개발사업”이 ‘17.6.27일 완공되어 7월 중에 본격 운영에 들어간다고 밝혔다."
"990","<U+25A2> 이 사업은 당초 애월항이 ‘95.12월 연안항으로 지정된 이후 서부지역 연안화물을 원활하게 처리하기 위한 항만으로 개발을 추진해오다 사업타당성 부족으로 난항을 겪던 중 애월지역 주민들이 애월항에 LNG인수기지를 유치하게 되면서 정부로부터 사업타당성을 확보하게 되었고 이후 항만개발에 본격적으로 예산투자가 이루어졌다."
"991","<U+25A2> 동 사업에는 국비 1,479억원이 투자되었으며, 기존 애월항에 방파제 등 외곽시설 1,466m, 5천톤급 접안시설 2선석, 수심(-)7.5m 선회장 330m, 물양장 100m, 돌제 60m 등을 추가로 조성하는 사업이다."
"992","이로 인해 하역능력은 1,190천톤/년에서 1,722천톤(증 532천톤/년)으로 크게 증가하게 되었고, 화물선의 최대 접안능력도 1천DTW급에서 5천DTW급으로 증가되었다. 또한 최대 6천5백톤급 LNG 운반선도 안전하게 입항할 수 있어 LNG의 안정적 공급에도 기여할 수 있게 된다."
"993","<U+25A2> 도에서는 애월항 2단계 사업이 완공되면서 애월항이 LNG인수기지의 역할 뿐만 아니라 도내 건설자재 공급 등을 위한 물류 중추항만으로 급부상하게 될 것으로 보고 있다."
"994","아울러, 도에서는 애월항이 확장 개발 후 운영되면서 겪게 되는 지역주민 불편사항과 애로사항 등에 충분히 청취하여 지속적으로 개선해 나갈 계획이라고 밝혔다."
"995","ㅁ 원희룡 제주도지사가 7일 열리게 될 제2회 톈진(天津)포럼에 참석하기 위해 중국을 방문한다."
"996","<U+F0A6>ㅇ <U+00A0>한국고등교육재단과 중국 난카이대학(南<U+5F00>大<U+5B66>NanKai Daxue)이 공동으로 주최하는 톈진포럼은 ‘혁신과"
"997","<U+00A0><U+00A0><U+00A0><U+00A0><U+00A0><U+00A0><U+00A0> 협력: 글로벌 시대의 도시개발과 지역 거버넌스’를 주제로 7일부터 9일까지 삼일간 일정으로 톈진 크라운"
"998","<U+00A0><U+00A0><U+00A0><U+00A0><U+00A0><U+00A0><U+00A0> 플라자호텔(Tianjin Meijiang Crowne Plaza 天津梅江皇冠假日酒店)에서 진행된다."
"999","<U+F0A6>ㅇ 이번 톈진 포럼에는 한국, 중국, 미국, 일본, 독일 등 대학, 정치, 경제계 대표 2백여 명이 참석해 도시개발"
"1000","<U+00A0><U+00A0><U+00A0><U+00A0><U+00A0><U+00A0> 정책의 선택, 4차 산업혁명 시대의 에너지와 산업, 도시 거버넌스, 동북아 지역 안보 및 경제협력 등에"
"1001","<U+00A0><U+00A0><U+00A0><U+00A0><U+00A0><U+00A0> 대한 논의를 한다."
"1002","ㅁ 원 지사는 이펀 포럼에서 개막식 축사를 전하고, ‘환경보전과 지속가능한 성장을 위한 제주 발전 전략’에"
"1003","<U+00A0><U+00A0><U+00A0> 대한 주제 발표를 진행한다."
"1004","<U+00A0> ㅇ 원 지사는 국제적인 대도시가 직면하고 있는 과제와 대책을 논의하는 도시관리 지도자 대화회의세션에서"
"1005","<U+00A0><U+00A0><U+00A0><U+00A0> 제주도의 핵심정책인 ‘청정과 공존’에 대한 추진 경험을 공유하고, 미래 비전에 대한 견해를 밝히는 등"
"1006","<U+00A0><U+00A0><U+00A0> <U+00A0>제주의 브랜드 가치 홍보에 주력할 계획이다."
"1007","<U+00A0>ㅇ 도시관리 지도자 대화회의세션에는 톈진시 부시장, 전 뉴욕 기획국장, 인천시 등에서 함께할 예정이며"
"1008","<U+00A0><U+00A0><U+00A0><U+00A0> 국제적인 대도시로서의 책임과 발전과정에서의 역할, 지속적인 발전 방안, 대도시가 직면하는 위험을"
"1009","<U+00A0><U+00A0><U+00A0><U+00A0> 해소할 수 있는 경험 등에 주제발표와 토론을 이어가며 의견을 공유할 것으로 알려졌다."
"1010","ㅁ 한편 이번 톈진포럼에는 문정인 대통령 통일외교안보특보, 로마노 프로디(Romano Prodi) 이탈리아 전 총리,"
"1011","<U+00A0><U+00A0><U+00A0> 쑨원쿠이(孫文魁, Sun Wenkui) 중국 톈진시 부시장, 린 이푸(林毅夫, Lin Yifu) 세계은행 전 부총재, 최태원"
"1012","<U+00A0><U+00A0><U+00A0> SK그룹 회장 등이 함께 참석한다."
"1013","※ 붙임: 제2회 톈진포럼 주요일정"
"1014","□ 성희롱<U+2027>가정폭력<U+2027>성폭력<U+2027>성매매 방지를 위한 공직자 폭력예방 특별교육이 5일 오후 4시부터 6시까지 도청 4층 대강당에서 진행된다."
"1015","□ 7월 첫째주 양성평등 주간에 맞춰 실시되는 이번 교육은 성(性)에 대한 공직자의 올바른 가치관 함양과 직장 내 성 평등 분위기 확산을 위해 마련됐다."
"1016","□ 올해 교육은 ‘소통과 공감으로 행복한 일터, 안전한 세상 만들기’라는 주제로 김주혁 한국양성평등교육진흥원 여성폭력 통합 전문가의 특강으로 진행될 예정이다."
"1017","<U+00A0><U+274D> 특강을 통해 젠더 폭력 발생 원인을 알아보고 사회의 성차별적 구조와 인식 문제들을 진단한다."
"1018","<U+00A0><U+274D> 이어, 성희롱 없는 직장을 위한 존중과 배려 방법, 폭력으로부터 안전한 사회를 위한 공직자의 역할 등 성희롱<U+2027>성폭력에 대한 구체적인 사례를 통한 교육이 진행될 계획이다."
"1019","□ 원희룡 지사는 이날 교육에 함께 참석해 서로 존중하고 배려하는 건전한 직장 분위기 조성과 건전한 소통 문화 확산을 위한 공직자의 자세들을 강조할 예정이다."
"1020","<U+00A0><U+00A0> □ 제주특별자치도가 민선 6기 3주년을 맞았다. 원희룡 지사는 취임 3주년을 맞은 지난 1일 더 낮은"
"1021","<U+00A0><U+00A0><U+00A0><U+00A0><U+00A0><U+00A0> 자세로 경청하고 소통하겠다”며, “현장에서 도지사가 직접 도민의 소리를 듣고 공직자로 하여금"
"1022","<U+00A0><U+00A0><U+00A0><U+00A0><U+00A0><U+00A0> 대화행정과 적극행정을 펼치겠다”는 뜻을 밝힌 바 있다."
